Country Name,Country Code,Indicator Name,Indicator Code,1960,1961,1962,1963,1964,1965,1966,1967,1968,1969,1970,1971,1972,1973,1974,1975,1976,1977,1978,1979,1980,1981,1982,1983,1984,1985,1986,1987,1988,1989,1990,1991,1992,1993,1994,1995,1996,1997,1998,1999,2000,2001,2002,2003,2004,2005,2006,2007,2008,2009,2010,2011,2012,2013,2014,2015,2016,2017,2018,2019,2020
Aruba,ABW,"Current health expenditure per capita, PPP (current international $)",SH.XPD.CHEX.PP.CD,,,,,,,,,,,,,,,,,,,,,,,,,,,,,,,,,,,,,,,,,,,,,,,,,,,,,,,,,,,,,
Africa Eastern and Southern,AFE,"Current health expenditure per capita, PPP (current international $)",SH.XPD.CHEX.PP.CD,,,,,,,,,,,,,,,,,,,,,,,,,,,,,,,,,,,,,,,,,115.0699284,126.0953386,122.625371,131.0579064,140.9660008,149.3884137,163.1613284,174.3852261,178.7218983,185.8847409,190.6538289,198.4080172,198.7509036,208.1861386,209.8807249,218.7724899,221.7597722,220.9748584,223.8318534,,
Afghanistan,AFG,"Current health expenditure per capita, PPP (current international $)",SH.XPD.CHEX.PP.CD,,,,,,,,,,,,,,,,,,,,,,,,,,,,,,,,,,,,,,,,,,,77.79334259,78.92937469,85.64152527,96.39759827,108.8864365,102.5907974,125.533493,141.7833405,137.521698,136.9684448,143.3484497,161.9043884,181.8226166,191.2515106,208.6259918,228.1847839,186.4072876,,
Africa Western and Central,AFW,"Current health expenditure per capita, PPP (current international $)",SH.XPD.CHEX.PP.CD,,,,,,,,,,,,,,,,,,,,,,,,,,,,,,,,,,,,,,,,,79.56467857,82.640718,79.76154313,119.2673004,121.5307013,128.2175868,123.9855834,125.6387114,129.1180159,138.2649878,136.2793944,142.7861883,146.9939155,153.7492935,162.3106887,172.5246358,169.1156681,172.5445448,178.7885507,,
Angola,AGO,"Current health expenditure per capita, PPP (current international $)",SH.XPD.CHEX.PP.CD,,,,,,,,,,,,,,,,,,,,,,,,,,,,,,,,,,,,,,,,,72.30455017,175.0035858,118.6651993,128.2453003,157.842804,129.9228058,135.5893555,169.4585419,206.7318726,234.1217957,167.9127045,167.9007111,162.2528229,190.7628937,175.2389069,184.9228363,183.3257294,185.6510162,164.7060242,,
Albania,ALB,"Current health expenditure per capita, PPP (current international $)",SH.XPD.CHEX.PP.CD,,,,,,,,,,,,,,,,,,,,,,,,,,,,,,,,,,,,,,,,,275.7150574,300.2736206,314.3249512,343.9162903,358.0834045,362.531189,385.125885,449.9393616,415.065979,399.4658508,451.5030212,485.5844116,529.6279907,567.6070557,618.1102905,569.0728149,581.3525391,645.4707642,697.3048706,,
Andorra,AND,"Current health expenditure per capita, PPP (current international $)",SH.XPD.CHEX.PP.CD,,,,,,,,,,,,,,,,,,,,,,,,,,,,,,,,,,,,,,,,,1921.069336,1993.254272,2195.727783,2141.031738,2154.355225,2435.207031,2325.578369,2394.910156,2630.661865,2725.120117,2770.769043,2565.226318,2681.185303,2755.264893,2888.261719,3096.173096,3065.615479,3319.405029,3607.000977,,
Arab World,ARB,"Current health expenditure per capita, PPP (current international $)",SH.XPD.CHEX.PP.CD,,,,,,,,,,,,,,,,,,,,,,,,,,,,,,,,,,,,,,,,,394.2721757,433.6125481,439.5928247,431.2717683,445.5712701,444.9189395,476.1012848,512.1283411,517.1694816,633.133178,593.4605954,621.1132217,660.5753353,747.5494065,817.1291902,913.0786262,985.5598243,1095.464772,1059.066961,,
United Arab Emirates,ARE,"Current health expenditure per capita, PPP (current international $)",SH.XPD.CHEX.PP.CD,,,,,,,,,,,,,,,,,,,,,,,,,,,,,,,,,,,,,,,,,1943.599609,2008.454834,2170.456787,2195.04541,2096.361572,1894.104614,1859.650635,1867.882446,1951.580078,2307.505859,2103.442383,2076.315918,2019.535889,2250.718018,2412.054688,2516.114502,2463.60376,3031.245361,3172.607666,,
Argentina,ARG,"Current health expenditure per capita, PPP (current international $)",SH.XPD.CHEX.PP.CD,,,,,,,,,,,,,,,,,,,,,,,,,,,,,,,,,,,,,,,,,1095.196899,1077.795166,852.2592773,871.6620483,905.5946045,1059.157471,1171.639038,1331.457764,1460.62207,1584.199829,1745.168091,1863.78125,1941.263306,1992.282227,1936.516235,2105.076172,1815.530396,2184.919189,1989.63562,,
Armenia,ARM,"Current health expenditure per capita, PPP (current international $)",SH.XPD.CHEX.PP.CD,,,,,,,,,,,,,,,,,,,,,,,,,,,,,,,,,,,,,,,,,97.65171814,121.8019104,230.7771759,254.1229248,244.532486,279.7635498,328.1404114,363.3815308,482.3499451,534.2088623,606.3656616,658.1655884,698.7061768,826.1935425,855.4899292,883.0042725,876.6264648,996.9830322,1036.954468,,
American Samoa,ASM,"Current health expenditure per capita, PPP (current international $)",SH.XPD.CHEX.PP.CD,,,,,,,,,,,,,,,,,,,,,,,,,,,,,,,,,,,,,,,,,,,,,,,,,,,,,,,,,,,,,
Antigua and Barbuda,ATG,"Current health expenditure per capita, PPP (current international $)",SH.XPD.CHEX.PP.CD,,,,,,,,,,,,,,,,,,,,,,,,,,,,,,,,,,,,,,,,,775.6918335,859.0929565,845.5844116,952.8711548,935.611023,988.201355,1048.768555,1112.291504,1053.967041,915.7424927,1082.894775,1081.911255,1132.762207,1138.01123,1268.35083,1183.782959,1212.438354,1274.503418,1405.767944,,
Australia,AUS,"Current health expenditure per capita, PPP (current international $)",SH.XPD.CHEX.PP.CD,,,,,,,,,,,,,,,,,,,,,,,,,,,,,,,,,,,,,,,,,2155.093506,2277.918945,2438.218262,2561.377686,2752.94458,2841.891357,3012.49292,3181.015625,3297.279053,3553.898193,3587.327637,3760.759766,3778.473633,4161.620117,4283.14209,4388.905273,4612.809082,4725.449707,5004.866699,,
Austria,AUT,"Current health expenditure per capita, PPP (current international $)",SH.XPD.CHEX.PP.CD,,,,,,,,,,,,,,,,,,,,,,,,,,,,,,,,,,,,,,,,,2707.868164,2761.789063,2935.818604,3073.540527,3288.088135,3381.659912,3591.531738,3760.330566,4024.80249,4192.42334,4302.709961,4465.65918,4750.581543,4945.449707,5082.537109,5206.01709,5476.121094,5674.062012,5879.103027,,
Azerbaijan,AZE,"Current health expenditure per capita, PPP (current international $)",SH.XPD.CHEX.PP.CD,,,,,,,,,,,,,,,,,,,,,,,,,,,,,,,,,,,,,,,,,107.0445862,111.3391495,121.5560379,135.18013,146.262146,162.0110474,202.9701233,249.0969544,270.5506897,397.3456421,396.4650574,386.5420837,481.7181397,524.5530396,603.2938232,740.1280518,704.619751,655.4160767,633.5621338,,
Burundi,BDI,"Current health expenditure per capita, PPP (current international $)",SH.XPD.CHEX.PP.CD,,,,,,,,,,,,,,,,,,,,,,,,,,,,,,,,,,,,,,,,,35.28666306,37.30187607,38.9274025,37.06985855,47.16102219,51.97935867,64.50072479,70.56085205,63.70123672,72.02082062,81.04503632,74.43910217,65.00936127,67.35009766,60.66466522,48.66255188,59.09829712,59.39506149,65.79267883,,
Belgium,BEL,"Current health expenditure per capita, PPP (current international $)",SH.XPD.CHEX.PP.CD,,,,,,,,,,,,,,,,,,,,,,,,,,,,,,,,,,,,,,,,,2226.010986,2352.495361,2524.578613,2850.669434,3007.659668,3082.637451,3237.81543,3382.28418,3663.811523,3928.75708,4100.811523,4269.349121,4455.875488,4621.219238,4702.52832,4834.505371,5006.811523,5289.400391,5404.916016,,
Benin,BEN,"Current health expenditure per capita, PPP (current international $)",SH.XPD.CHEX.PP.CD,,,,,,,,,,,,,,,,,,,,,,,,,,,,,,,,,,,,,,,,,56.16122055,61.42473984,59.31838226,60.51356888,63.78672409,61.97473145,65.26267242,67.22366333,65.10709381,68.3843689,72.91654968,76.97596741,88.26925659,78.37780762,77.08349609,84.71581268,83.11923218,82.49481201,83.21243286,,
Burkina Faso,BFA,"Current health expenditure per capita, PPP (current international $)",SH.XPD.CHEX.PP.CD,,,,,,,,,,,,,,,,,,,,,,,,,,,,,,,,,,,,,,,,,28.39498901,29.65711784,31.18543625,35.18979645,49.19689178,50.13916779,60.86587906,74.28504944,70.00760651,77.0421524,82.16275024,77.01906586,80.29116821,101.4035263,94.0557251,99.31606293,124.5834961,129.0104981,111.7157745,,
Bangladesh,BGD,"Current health expenditure per capita, PPP (current international $)",SH.XPD.CHEX.PP.CD,,,,,,,,,,,,,,,,,,,,,,,,,,,,,,,,,,,,,,,,,28.57949066,29.5722599,33.49920273,35.6379509,38.64549637,43.11886597,47.78532028,53.44993591,55.53520584,59.82237625,66.13795471,73.19186401,78.18016052,80.5224762,86.07568359,91.09870148,91.44863129,97.28712463,109.6439209,,
Bulgaria,BGR,"Current health expenditure per capita, PPP (current international $)",SH.XPD.CHEX.PP.CD,,,,,,,,,,,,,,,,,,,,,,,,,,,,,,,,,,,,,,,,,373.4869995,469.3354187,549.1356201,603.0010986,631.175354,706.3617554,740.8967285,785.6171265,898.3409424,932.7051392,1057.450317,1115.259277,1227.331909,1185.875,1349.411011,1355.195435,1468.172852,1575.110229,1633.804443,,
Bahrain,BHR,"Current health expenditure per capita, PPP (current international $)",SH.XPD.CHEX.PP.CD,,,,,,,,,,,,,,,,,,,,,,,,,,,,,,,,,,,,,,,,,1273.775391,1344.865601,1370.405273,1449.344116,1301.074951,1222.312378,1199.634155,1331.332397,1332.588013,1599.346558,1527.167969,1436.78479,1714.593994,1907.559326,2041.803711,2333.835449,2293.840576,2263.042969,1955.351929,,
"Bahamas, The",BHS,"Current health expenditure per capita, PPP (current international $)",SH.XPD.CHEX.PP.CD,,,,,,,,,,,,,,,,,,,,,,,,,,,,,,,,,,,,,,,,,998.270813,1063.632935,1060.33252,1104.763428,1131.157837,1179.676514,1306.84314,1393.649902,1473.509766,1481.418213,1529.697876,1570.758301,1630.545532,1676.990601,1729.072754,1598.919922,1733.274048,2128.264404,2005.246216,,
Bosnia and Herzegovina,BIH,"Current health expenditure per capita, PPP (current international $)",SH.XPD.CHEX.PP.CD,,,,,,,,,,,,,,,,,,,,,,,,,,,,,,,,,,,,,,,,,351.0830994,347.8312073,369.3633118,437.1148682,538.6760254,571.5220947,657.9451904,757.8598633,856.4943237,814.1309815,842.4176025,914.9549561,976.7448731,1043.736206,1081.144653,1121.930542,1183.366577,1226.752319,1300.776489,,
Belarus,BLR,"Current health expenditure per capita, PPP (current international $)",SH.XPD.CHEX.PP.CD,,,,,,,,,,,,,,,,,,,,,,,,,,,,,,,,,,,,,,,,,332.9649658,387.32724,409.8657227,461.6594544,528.7480469,634.7426148,663.6184692,758.6721802,794.8526611,792.0744629,885.4268799,841.9261475,938.7692871,1046.929932,1025.634277,1121.33252,1076.044312,1095.046143,1132.469482,,
Belize,BLZ,"Current health expenditure per capita, PPP (current international $)",SH.XPD.CHEX.PP.CD,,,,,,,,,,,,,,,,,,,,,,,,,,,,,,,,,,,,,,,,,213.2811127,259.6403198,273.6546936,290.9134216,295.7337036,304.6862488,325.7771606,382.1514282,418.8492127,421.292511,428.7251892,439.981842,431.9439087,447.2659607,508.3371277,498.0048523,506.7372742,482.9400635,506.317627,,
Bermuda,BMU,"Current health expenditure per capita, PPP (current international $)",SH.XPD.CHEX.PP.CD,,,,,,,,,,,,,,,,,,,,,,,,,,,,,,,,,,,,,,,,,,,,,,,,,,,,,,,,,,,,,
Bolivia,BOL,"Current health expenditure per capita, PPP (current international $)",SH.XPD.CHEX.PP.CD,,,,,,,,,,,,,,,,,,,,,,,,,,,,,,,,,,,,,,,,,152.8843689,171.1069489,177.4018555,193.3854675,190.1036835,209.7942963,204.4528046,217.4506989,226.9263611,261.0684815,271.9833679,285.7981262,306.0498047,347.3729553,388.7466126,450.8469849,488.4350586,485.4720459,496.0909119,,
Brazil,BRA,"Current health expenditure per capita, PPP (current international $)",SH.XPD.CHEX.PP.CD,,,,,,,,,,,,,,,,,,,,,,,,,,,,,,,,,,,,,,,,,756.277771,792.9144287,833.3339233,798.258606,849.9107056,884.2914429,961.8445435,1030.822266,1068.075928,1115.538208,1137.7771,1173.053955,1199.645508,1285.145752,1373.522583,1402.705444,1411.130737,1482.533325,1530.822266,,
Barbados,BRB,"Current health expenditure per capita, PPP (current international $)",SH.XPD.CHEX.PP.CD,,,,,,,,,,,,,,,,,,,,,,,,,,,,,,,,,,,,,,,,,665.4863281,685.5407715,742.0484619,877.7046509,997.0071411,985.1257324,1059.881226,1015.278198,1112.115845,1171.839478,1095.031006,1126.060791,1289.759888,1244.743408,1179.974609,1175.320923,1196.601074,1204.416016,1203.786865,,
Brunei Darussalam,BRN,"Current health expenditure per capita, PPP (current international $)",SH.XPD.CHEX.PP.CD,,,,,,,,,,,,,,,,,,,,,,,,,,,,,,,,,,,,,,,,,1843.738037,1895.747803,1952.143433,2062.414795,2051.381836,1829.931152,1657.088257,1713.053711,1635.438843,2040.73584,1797.727295,1537.934937,1549.669067,1561.619629,1546.494019,1913.914429,1991.095337,1811.436401,1952.528809,,
Bhutan,BTN,"Current health expenditure per capita, PPP (current international $)",SH.XPD.CHEX.PP.CD,,,,,,,,,,,,,,,,,,,,,,,,,,,,,,,,,,,,,,,,,113.595314,134.72258,135.1400299,133.6221924,159.8690643,154.2408295,179.4523163,194.7766266,176.1828308,195.6432495,213.8252716,220.2802429,254.4342346,275.2507629,271.7809753,311.7145996,316.9840698,314.5932617,322.0979004,,
Botswana,BWA,"Current health expenditure per capita, PPP (current international $)",SH.XPD.CHEX.PP.CD,,,,,,,,,,,,,,,,,,,,,,,,,,,,,,,,,,,,,,,,,497.0067749,527.8997192,582.8338013,587.1295166,570.8323364,523.7088013,544.2698364,661.805603,760.8460693,783.4690552,803.0112915,799.4432983,894.0721436,1015.195618,956.8011475,957.6940308,962.8015747,1091.046997,1088.729004,,
Central African Republic,CAF,"Current health expenditure per capita, PPP (current international $)",SH.XPD.CHEX.PP.CD,,,,,,,,,,,,,,,,,,,,,,,,,,,,,,,,,,,,,,,,,27.71577263,26.94804955,30.17386627,30.34997559,31.76545715,33.42503357,35.94737244,39.98856354,35.1823349,43.48772812,35.13772964,36.95798111,39.31394577,33.11423111,34.89954376,37.49248123,42.5126915,54.73753357,97.0058136,,
Canada,CAN,"Current health expenditure per capita, PPP (current international $)",SH.XPD.CHEX.PP.CD,,,,,,,,,,,,,,,,,,,,,,,,,,,,,,,,,,,,,,,,,2429.591797,2617.792236,2758.297607,2928.479492,3086.688232,3290.419678,3554.800781,3717.994629,3855.407227,4140.425781,4256.978027,4273.02832,4384.108887,4552.959961,4659.981445,4729.486816,4908.841797,5023.351074,5199.973145,,
Central Europe and the Baltics,CEB,"Current health expenditure per capita, PPP (current international $)",SH.XPD.CHEX.PP.CD,,,,,,,,,,,,,,,,,,,,,,,,,,,,,,,,,,,,,,,,,562.8333023,629.8002524,706.8498078,778.9779211,842.7397678,900.3947695,979.1000283,1077.613776,1242.306293,1328.023695,1396.677437,1425.827024,1480.091539,1579.899558,1628.766515,1681.816844,1803.359107,1936.828727,2059.085741,,
Switzerland,CHE,"Current health expenditure per capita, PPP (current international $)",SH.XPD.CHEX.PP.CD,,,,,,,,,,,,,,,,,,,,,,,,,,,,,,,,,,,,,,,,,3361.201904,3591.455566,3839.387451,3935.707764,4118.702148,4189.06543,4443.447754,4817.311523,5165.475098,5402.641113,5480.758789,5841.042969,6175.033691,6550.800781,6846.429199,7308.896484,7573.456543,7928.174805,8113.943359,,
Channel Islands,CHI,"Current health expenditure per capita, PPP (current international $)",SH.XPD.CHEX.PP.CD,,,,,,,,,,,,,,,,,,,,,,,,,,,,,,,,,,,,,,,,,,,,,,,,,,,,,,,,,,,,,
Chile,CHL,"Current health expenditure per capita, PPP (current international $)",SH.XPD.CHEX.PP.CD,,,,,,,,,,,,,,,,,,,,,,,,,,,,,,,,,,,,,,,,,672.1102905,713.1483765,750.8027954,795.0272217,815.2077026,839.8360596,950.7780762,1046.221924,1112.300903,1164.975708,1230.442871,1377.555908,1510.03894,1670.555786,1779.022339,1883.715454,1949.353271,2193.382568,2305.676514,,
China,CHN,"Current health expenditure per capita, PPP (current international $)",SH.XPD.CHEX.PP.CD,,,,,,,,,,,,,,,,,,,,,,,,,,,,,,,,,,,,,,,,,128.892273,133.8138428,152.0623322,170.950531,186.5805664,208.2489319,227.0512695,246.7405396,289.5706177,354.4398193,381.2937012,435.6901245,505.1409912,571.6217651,631.4486694,701.9383545,759.1862183,837.7727051,935.1928711,,
Cote d'Ivoire,CIV,"Current health expenditure per capita, PPP (current international $)",SH.XPD.CHEX.PP.CD,,,,,,,,,,,,,,,,,,,,,,,,,,,,,,,,,,,,,,,,,133.1938019,113.9005127,102.0270844,103.6983185,119.8323212,126.249527,140.6737366,157.2107697,161.2670136,160.4155273,159.8135071,153.3957672,168.1682434,152.6377258,165.6068115,152.3129273,166.2775421,174.6352387,176.2785339,,
Cameroon,CMR,"Current health expenditure per capita, PPP (current international $)",SH.XPD.CHEX.PP.CD,,,,,,,,,,,,,,,,,,,,,,,,,,,,,,,,,,,,,,,,,87.67453766,86.83039093,93.85578918,96.71569061,97.11582947,101.4173737,103.4861832,106.5905304,105.6514053,103.5136643,105.9124374,117.0608749,123.0660477,119.3677826,130.828125,129.0632477,132.2725372,127.2954559,133.6094513,,
"Congo, Dem. Rep.",COD,"Current health expenditure per capita, PPP (current international $)",SH.XPD.CHEX.PP.CD,,,,,,,,,,,,,,,,,,,,,,,,,,,,,,,,,,,,,,,,,6.62343693,11.5792799,11.51999569,17.47947693,21.57100677,21.9807663,23.87996483,24.87830925,30.08571815,27.43423653,24.23534393,21.95619202,23.76433182,27.4029007,33.00378799,34.64826202,37.93149948,36.94486618,30.71561813,,
"Congo, Rep.",COG,"Current health expenditure per capita, PPP (current international $)",SH.XPD.CHEX.PP.CD,,,,,,,,,,,,,,,,,,,,,,,,,,,,,,,,,,,,,,,,,62.28810501,90.06743622,73.4539566,82.64886475,84.81798553,81.3602066,81.8476944,89.10847473,102.1623764,105.6677856,105.626564,101.6833954,136.3418274,140.3931274,149.8205872,207.8957825,173.99617,169.0543976,125.3630753,,
Colombia,COL,"Current health expenditure per capita, PPP (current international $)",SH.XPD.CHEX.PP.CD,,,,,,,,,,,,,,,,,,,,,,,,,,,,,,,,,,,,,,,,,352.9886475,383.4709168,382.180603,410.9615173,442.3376465,506.3409119,574.0198364,637.1278076,698.4293823,750.892334,760.1638184,791.1361084,825.5771484,905.244751,978.5662231,1053.736938,1073.833862,1114.096191,1155.407471,,
Comoros,COM,"Current health expenditure per capita, PPP (current international $)",SH.XPD.CHEX.PP.CD,,,,,,,,,,,,,,,,,,,,,,,,,,,,,,,,,,,,,,,,,134.3731079,123.8116074,128.1867828,123.0547257,121.0336762,123.5387421,122.4730072,120.667305,119.150238,117.5705261,121.082901,134.017807,118.2778091,120.9004898,121.6225586,129.0987244,129.7490234,131.1263428,134.2088471,,
Cabo Verde,CPV,"Current health expenditure per capita, PPP (current international $)",SH.XPD.CHEX.PP.CD,,,,,,,,,,,,,,,,,,,,,,,,,,,,,,,,,,,,,,,,,150.2763367,165.4145203,174.204773,172.376358,188.8668823,203.3004761,233.3619537,227.7862701,209.292099,222.8466492,260.5562134,262.7250671,318.6638794,332.5237732,338.9683228,309.0940552,325.0571289,375.5270996,399.5358276,,
Costa Rica,CRI,"Current health expenditure per capita, PPP (current international $)",SH.XPD.CHEX.PP.CD,,,,,,,,,,,,,,,,,,,,,,,,,,,,,,,,,,,,,,,,,513.4329224,525.7944946,576.1186523,611.2467041,614.0442505,651.9136353,739.4746704,817.6796875,919.8322144,953.5092163,1025.914917,1093.241455,1111.214722,1136.649658,1187.567871,1221.217163,1226.343506,1244.150269,1336.528564,,
Caribbean small states,CSS,"Current health expenditure per capita, PPP (current international $)",SH.XPD.CHEX.PP.CD,,,,,,,,,,,,,,,,,,,,,,,,,,,,,,,,,,,,,,,,,464.6340071,448.3131622,495.0349222,501.9483371,565.9028156,593.5436796,610.1479463,677.9159168,682.6448455,763.3908729,758.4551709,751.3973167,764.368817,798.4249562,825.281985,913.7539283,953.7380417,1006.575799,1014.698744,,
Cuba,CUB,"Current health expenditure per capita, PPP (current international $)",SH.XPD.CHEX.PP.CD,,,,,,,,,,,,,,,,,,,,,,,,,,,,,,,,,,,,,,,,,547.9127808,639.1407471,711.3026123,756.9699097,748.3478394,1069.458496,1291.400635,1842.79187,1974.979248,2192.343018,2041.550415,2170.579834,1888.163574,2228.87915,2706.486328,3180.360596,2493.62793,2517.681641,2519.294189,,
Curacao,CUW,"Current health expenditure per capita, PPP (current international $)",SH.XPD.CHEX.PP.CD,,,,,,,,,,,,,,,,,,,,,,,,,,,,,,,,,,,,,,,,,,,,,,,,,,,,,,,,,,,,,
Cayman Islands,CYM,"Current health expenditure per capita, PPP (current international $)",SH.XPD.CHEX.PP.CD,,,,,,,,,,,,,,,,,,,,,,,,,,,,,,,,,,,,,,,,,,,,,,,,,,,,,,,,,,,,,
Cyprus,CYP,"Current health expenditure per capita, PPP (current international $)",SH.XPD.CHEX.PP.CD,,,,,,,,,,,,,,,,,,,,,,,,,,,,,,,,,,,,,,,,,1135.922485,1228.198364,1330.505737,1375.599121,1411.047852,1520.421753,1653.523926,1781.295898,2122.587646,2221.738525,2205.682617,2176.957275,2091.354736,2100.021973,2077.867432,2198.687012,2358.557373,2498.465088,2624.85083,,
Czech Republic,CZE,"Current health expenditure per capita, PPP (current international $)",SH.XPD.CHEX.PP.CD,,,,,,,,,,,,,,,,,,,,,,,,,,,,,,,,,,,,,,,,,923.6432495,1031.988525,1127.055908,1273.444702,1328.353027,1402.737183,1475.288208,1578.521484,1777.905151,2016.29541,1919.074585,2010.957397,2042.604614,2379.507568,2472.175537,2441.990234,2521.821777,2753.383789,3040.519043,,
Germany,DEU,"Current health expenditure per capita, PPP (current international $)",SH.XPD.CHEX.PP.CD,,,,,,,,,,,,,,,,,,,,,,,,,,,,,,,,,,,,,,,,,2691.438721,2818.558838,2973.175781,3107.499268,3175.637451,3277.197998,3471.187988,3641.599365,3870.049072,4133.010254,4320.84082,4587.425293,4708.954102,4953.155273,5192.505371,5355.324219,5573.716309,5930.576172,6098.202637,,
Djibouti,DJI,"Current health expenditure per capita, PPP (current international $)",SH.XPD.CHEX.PP.CD,,,,,,,,,,,,,,,,,,,,,,,,,,,,,,,,,,,,,,,,,70.50154877,68.57417297,90.1967926,103.3195801,89.74608612,91.17922974,104.8844986,109.3572922,108.7479172,110.6147156,109.3635254,130.031601,133.5275574,124.0786133,135.0337219,149.8279724,141.1935577,134.433197,134.8893738,,
Dominica,DMA,"Current health expenditure per capita, PPP (current international $)",SH.XPD.CHEX.PP.CD,,,,,,,,,,,,,,,,,,,,,,,,,,,,,,,,,,,,,,,,,348.5150452,310.785553,306.5087891,344.395813,355.2528381,385.6350403,398.9672241,436.1425781,501.594696,493.0033264,519.095398,546.8746948,598.4714356,555.8377075,581.8125,563.0336914,578.3104248,583.6682129,710.2449951,,
Denmark,DNK,"Current health expenditure per capita, PPP (current international $)",SH.XPD.CHEX.PP.CD,,,,,,,,,,,,,,,,,,,,,,,,,,,,,,,,,,,,,,,,,2327.617676,2492.47583,2670.243164,2744.734131,2968.020752,3109.049072,3425.166992,3643.184326,3938.907715,4318.351074,4456.945313,4516.297852,4597.623047,4762.361328,4886.55127,5038.364258,5291.381348,5589.411133,5794.259277,,
Dominican Republic,DOM,"Current health expenditure per capita, PPP (current international $)",SH.XPD.CHEX.PP.CD,,,,,,,,,,,,,,,,,,,,,,,,,,,,,,,,,,,,,,,,,322.1556702,332.15979,354.9231567,309.4611511,314.0438538,354.9682922,361.401825,414.5554199,483.6838074,523.111084,621.1505737,656.0493774,705.0308838,728.2885742,783.46875,841.9973755,904.4212036,954.5252686,1017.502991,,
Algeria,DZA,"Current health expenditure per capita, PPP (current international $)",SH.XPD.CHEX.PP.CD,,,,,,,,,,,,,,,,,,,,,,,,,,,,,,,,,,,,,,,,,284.8161011,325.4623718,335.0228882,348.6566773,362.7334595,356.584259,381.8020935,454.6324768,513.397522,658.8991089,647.593689,687.2164917,809.0169678,834.3734741,937.9777832,1026.626709,993.5761108,970.2682495,962.7193604,,
East Asia & Pacific (excluding high income),EAP,"Current health expenditure per capita, PPP (current international $)",SH.XPD.CHEX.PP.CD,,,,,,,,,,,,,,,,,,,,,,,,,,,,,,,,,,,,,,,,,125.7031711,133.0021747,146.49148,165.1556332,178.8683452,201.6607941,220.6324978,241.2404504,273.3101031,322.4834058,345.9838746,388.5897199,443.8805776,496.6305209,545.9939479,599.2421841,645.1332437,704.0219426,777.9465823,,
Early-demographic dividend,EAR,"Current health expenditure per capita, PPP (current international $)",SH.XPD.CHEX.PP.CD,,,,,,,,,,,,,,,,,,,,,,,,,,,,,,,,,,,,,,,,,186.6706312,201.1030969,200.0853182,211.272758,222.0257163,238.6670978,258.5779272,277.0905753,285.7397479,311.8720992,319.7023995,333.8216204,351.4968355,377.2393096,400.9925589,428.1038222,446.0874936,474.8375311,480.3252914,,
East Asia & Pacific,EAS,"Current health expenditure per capita, PPP (current international $)",SH.XPD.CHEX.PP.CD,,,,,,,,,,,,,,,,,,,,,,,,,,,,,,,,,,,,,,,,,278.3193708,295.5262104,314.899433,340.7371863,363.2780131,395.3387592,425.2787356,457.1642963,498.932584,557.4409139,594.0966332,670.1844608,734.3576301,798.9273418,850.0550291,913.3116236,958.5671472,1020.986974,1103.825608,,
Europe & Central Asia (excluding high income),ECA,"Current health expenditure per capita, PPP (current international $)",SH.XPD.CHEX.PP.CD,,,,,,,,,,,,,,,,,,,,,,,,,,,,,,,,,,,,,,,,,316.8923353,348.9876645,391.1962385,427.6542297,459.7527435,516.3225765,610.9663838,669.5311226,778.6111846,833.3367306,817.8640234,851.476412,915.731269,962.0862934,989.5848324,983.5351291,1010.106699,1071.251492,1130.370294,,
Europe & Central Asia,ECS,"Current health expenditure per capita, PPP (current international $)",SH.XPD.CHEX.PP.CD,,,,,,,,,,,,,,,,,,,,,,,,,,,,,,,,,,,,,,,,,1216.629016,1308.788932,1415.009659,1490.716705,1574.632118,1661.892245,1820.260333,1927.96244,2100.206445,2216.11071,2256.291551,2342.220511,2415.029645,2514.713283,2583.609937,2633.901502,2734.597448,2872.699575,2969.210814,,
Ecuador,ECU,"Current health expenditure per capita, PPP (current international $)",SH.XPD.CHEX.PP.CD,,,,,,,,,,,,,,,,,,,,,,,,,,,,,,,,,,,,,,,,,194.0924988,228.3789673,283.009552,354.2729797,396.1068726,425.0203552,458.3402405,487.7597351,515.8538208,569.3146362,649.1157837,777.3683472,888.9411621,944.0186768,990.0787354,981.8278809,930.9820557,949.689148,954.7637329,,
"Egypt, Arab Rep.",EGY,"Current health expenditure per capita, PPP (current international $)",SH.XPD.CHEX.PP.CD,,,,,,,,,,,,,,,,,,,,,,,,,,,,,,,,,,,,,,,,,309.0834351,352.0200501,366.6589661,358.6314697,349.9637146,375.2079773,399.1376953,395.9283752,426.9369202,433.306488,428.588562,457.3498535,479.1739197,508.4764099,532.7286377,583.7603149,605.8232422,661.4362793,614.1085815,,
Euro area,EMU,"Current health expenditure per capita, PPP (current international $)",SH.XPD.CHEX.PP.CD,,,,,,,,,,,,,,,,,,,,,,,,,,,,,,,,,,,,,,,,,2164.910341,2298.465872,2449.370033,2549.341868,2661.744171,2786.501854,3006.101953,3149.84571,3375.790924,3552.16396,3639.330116,3761.417754,3825.98515,3970.244304,4073.024459,4168.685058,4354.68763,4572.352966,4699.882062,,
Eritrea,ERI,"Current health expenditure per capita, PPP (current international $)",SH.XPD.CHEX.PP.CD,,,,,,,,,,,,,,,,,,,,,,,,,,,,,,,,,,,,,,,,,74.65795898,82.19332123,93.0256424,96.51086426,91.8680954,91.52981567,90.3894577,70.56207275,68.90901947,64.23025513,64.64215088,86.84365082,64.56534576,77.03991699,82.62388611,72.26915741,61.5771637,59.69359207,73.70491028,,
Spain,ESP,"Current health expenditure per capita, PPP (current international $)",SH.XPD.CHEX.PP.CD,,,,,,,,,,,,,,,,,,,,,,,,,,,,,,,,,,,,,,,,,1471.307251,1561.133789,1673.40271,1908.647705,2018.152954,2152.146484,2423.777344,2593.928711,2805.496338,2931.095703,2894.391357,2926.573242,2901.807129,2934.126221,3045.473145,3186.091064,3275.601563,3482.463379,3576.491943,,
Estonia,EST,"Current health expenditure per capita, PPP (current international $)",SH.XPD.CHEX.PP.CD,,,,,,,,,,,,,,,,,,,,,,,,,,,,,,,,,,,,,,,,,485.0810242,491.6590576,546.9086304,635.6445313,741.4125366,838.3687744,917.6850586,1102.969238,1302.357056,1340.146118,1365.057251,1426.672852,1513.638306,1649.725342,1769.96167,1866.389526,2009.142578,2230.44165,2427.627686,,
Ethiopia,ETH,"Current health expenditure per capita, PPP (current international $)",SH.XPD.CHEX.PP.CD,,,,,,,,,,,,,,,,,,,,,,,,,,,,,,,,,,,,,,,,,21.56564522,25.10711861,25.1006794,25.27506828,25.25160408,26.90855408,32.47278976,40.56086731,38.14111328,44.15262222,57.54932404,51.91085815,56.76084137,55.73523331,60.26792526,62.00055313,62.86778259,65.52737427,66.64078522,,
European Union,EUU,"Current health expenditure per capita, PPP (current international $)",SH.XPD.CHEX.PP.CD,,,,,,,,,,,,,,,,,,,,,,,,,,,,,,,,,,,,,,,,,1813.950085,1938.167096,2077.305849,2173.889844,2277.862761,2387.699269,2579.555087,2717.723054,2934.191252,3094.45806,3178.485398,3302.099685,3369.154934,3508.16865,3604.358282,3694.881279,3868.641647,4075.078918,4205.514871,,
Fragile and conflict affected situations,FCS,"Current health expenditure per capita, PPP (current international $)",SH.XPD.CHEX.PP.CD,,,,,,,,,,,,,,,,,,,,,,,,,,,,,,,,,,,,,,,,,107.017003,116.7454033,111.9819114,133.0507065,144.2275561,143.542548,165.7752788,177.8763162,173.5470192,195.2194862,185.7188547,190.30951,187.9789877,196.2551172,204.4792422,216.2488883,214.9168341,224.2128854,207.5513099,,
Finland,FIN,"Current health expenditure per capita, PPP (current international $)",SH.XPD.CHEX.PP.CD,,,,,,,,,,,,,,,,,,,,,,,,,,,,,,,,,,,,,,,,,1896.124023,2011.46582,2176.567871,2297.399902,2505.600098,2649.95752,2844.798096,3050.319092,3340.422119,3479.862305,3562.180176,3772.536133,3917.43335,4068.539063,4084.430176,4098.916992,4211.662109,4339.905762,4457.170898,,
Fiji,FJI,"Current health expenditure per capita, PPP (current international $)",SH.XPD.CHEX.PP.CD,,,,,,,,,,,,,,,,,,,,,,,,,,,,,,,,,,,,,,,,,197.0413971,173.6498718,186.6142273,191.1209564,225.9568176,233.5042877,249.9980469,257.0533447,244.1844025,266.8207398,266.580719,256.0386963,274.4265137,286.4613648,299.2114868,311.6044006,317.1748047,329.1898804,372.4630432,,
France,FRA,"Current health expenditure per capita, PPP (current international $)",SH.XPD.CHEX.PP.CD,,,,,,,,,,,,,,,,,,,,,,,,,,,,,,,,,,,,,,,,,2516.770264,2685.774658,2876.459717,2854.968506,2970.66333,3135.555908,3391.297119,3541.954102,3710.455811,3942.992676,4061.249023,4217.535645,4287.72998,4547.425781,4659.237793,4691.533691,4942.756836,5110.134277,5250.445313,,
Faroe Islands,FRO,"Current health expenditure per capita, PPP (current international $)",SH.XPD.CHEX.PP.CD,,,,,,,,,,,,,,,,,,,,,,,,,,,,,,,,,,,,,,,,,,,,,,,,,,,,,,,,,,,,,
"Micronesia, Fed. Sts.",FSM,"Current health expenditure per capita, PPP (current international $)",SH.XPD.CHEX.PP.CD,,,,,,,,,,,,,,,,,,,,,,,,,,,,,,,,,,,,,,,,,193.0797882,220.1919098,209.9275665,263.6491699,330.8429871,515.5908203,323.4794617,339.6855774,369.1404114,395.6062012,428.0902405,447.7240295,415.6595764,397.42453,376.8891602,417.2070618,443.8481445,426.5935974,414.0421143,,
Gabon,GAB,"Current health expenditure per capita, PPP (current international $)",SH.XPD.CHEX.PP.CD,,,,,,,,,,,,,,,,,,,,,,,,,,,,,,,,,,,,,,,,,438.7771301,455.6563416,476.3033752,514.1755981,488.2478333,437.6915283,455.2177429,490.0429993,415.3551331,561.3637085,376.0491943,409.519043,400.3462219,486.2526245,444.4656982,473.5430603,554.4089966,493.9264221,490.8375855,,
United Kingdom,GBR,"Current health expenditure per capita, PPP (current international $)",SH.XPD.CHEX.PP.CD,,,,,,,,,,,,,,,,,,,,,,,,,,,,,,,,,,,,,,,,,1927.103516,2129.100342,2337.69043,2491.276367,2720.834229,2798.054443,3035.11377,3171.75708,3373.203613,3519.170654,3645.007568,3720.189453,3863.464355,4002.440186,4125.124023,4228.212891,4310.548828,4473.07666,4619.573242,,
Georgia,GEO,"Current health expenditure per capita, PPP (current international $)",SH.XPD.CHEX.PP.CD,,,,,,,,,,,,,,,,,,,,,,,,,,,,,,,,,,,,,,,,,202.7546082,219.6652832,258.8520508,302.2874146,331.8554688,375.8530273,402.3042297,455.5668335,543.3848877,601.0150757,598.9414673,582.6222534,637.0032959,660.3322144,706.6192017,692.7609863,778.0303345,734.5825195,795.9041138,,
Ghana,GHA,"Current health expenditure per capita, PPP (current international $)",SH.XPD.CHEX.PP.CD,,,,,,,,,,,,,,,,,,,,,,,,,,,,,,,,,,,,,,,,,121.9974442,142.4452667,131.0065155,137.5007019,148.2594605,203.0624847,133.3715973,138.9673462,152.7838135,175.4086762,186.0814209,216.7119904,206.7341156,180.7441864,164.2720947,186.9212036,143.1585388,148.4199066,167.9795227,,
Gibraltar,GIB,"Current health expenditure per capita, PPP (current international $)",SH.XPD.CHEX.PP.CD,,,,,,,,,,,,,,,,,,,,,,,,,,,,,,,,,,,,,,,,,,,,,,,,,,,,,,,,,,,,,
Guinea,GIN,"Current health expenditure per capita, PPP (current international $)",SH.XPD.CHEX.PP.CD,,,,,,,,,,,,,,,,,,,,,,,,,,,,,,,,,,,,,,,,,77.33316803,82.42925262,95.95030975,87.61129761,90.22383118,88.33000183,52.46367264,53.49439621,52.75217056,56.32722473,55.94775009,65.23576355,61.60451508,65.07161713,92.91739655,115.3910751,116.9672546,101.1099167,109.2428207,,
"Gambia, The",GMB,"Current health expenditure per capita, PPP (current international $)",SH.XPD.CHEX.PP.CD,,,,,,,,,,,,,,,,,,,,,,,,,,,,,,,,,,,,,,,,,167.1996307,167.7720947,187.0680237,188.6902466,118.141861,114.7904205,114.878891,107.7569656,106.4404755,105.9566498,101.690094,98.24365234,99.52353668,93.51011658,86.15175629,75.47995758,75.9103775,82.34416199,80.81072998,,
Guinea-Bissau,GNB,"Current health expenditure per capita, PPP (current international $)",SH.XPD.CHEX.PP.CD,,,,,,,,,,,,,,,,,,,,,,,,,,,,,,,,,,,,,,,,,75.24308777,71.17668915,68.29579163,73.5620575,89.39678192,88.43443298,89.2438736,95.97375488,93.01377106,95.14302826,90.63152313,92.43981934,84.71400452,104.1770706,143.3426971,135.2644501,126.1629639,118.7853775,123.1843796,,
Equatorial Guinea,GNQ,"Current health expenditure per capita, PPP (current international $)",SH.XPD.CHEX.PP.CD,,,,,,,,,,,,,,,,,,,,,,,,,,,,,,,,,,,,,,,,,206.4368134,351.7677918,434.9219666,532.1937866,572.9841309,421.8797302,454.703064,531.7216187,709.5517578,697.5619507,605.5061035,537.8805542,462.165802,641.1174927,735.5682983,862.7184448,824.874939,738.4888916,696.5806274,,
Greece,GRC,"Current health expenditure per capita, PPP (current international $)",SH.XPD.CHEX.PP.CD,,,,,,,,,,,,,,,,,,,,,,,,,,,,,,,,,,,,,,,,,1417.777954,1678.575684,1864.497559,2019.099609,2061.648193,2194.105469,2358.683105,2462.738281,2728.052002,2859.5979,2678.997559,2356.136963,2214.805908,2163.44165,2100.169922,2149.341309,2238.928467,2273.587891,2340.165771,,
Grenada,GRD,"Current health expenditure per capita, PPP (current international $)",SH.XPD.CHEX.PP.CD,,,,,,,,,,,,,,,,,,,,,,,,,,,,,,,,,,,,,,,,,406.6803589,425.6327515,489.3243103,465.2601318,480.4103394,536.4090576,525.7269898,585.5205078,618.0680542,584.8953857,584.7092285,640.6806641,643.7321777,643.4303589,593.0568848,617.1528931,614.7001953,673.0030518,693.817749,,
Greenland,GRL,"Current health expenditure per capita, PPP (current international $)",SH.XPD.CHEX.PP.CD,,,,,,,,,,,,,,,,,,,,,,,,,,,,,,,,,,,,,,,,,,,,,,,,,,,,,,,,,,,,,
Guatemala,GTM,"Current health expenditure per capita, PPP (current international $)",SH.XPD.CHEX.PP.CD,,,,,,,,,,,,,,,,,,,,,,,,,,,,,,,,,,,,,,,,,244.9687653,315.9399414,322.6794739,336.1853333,350.4859619,355.7437134,390.6746216,402.3773499,407.6402893,412.0981751,404.4276123,406.3168945,422.9291382,412.6646423,438.1582642,456.1781921,464.5393372,474.8075867,482.9605713,,
Guam,GUM,"Current health expenditure per capita, PPP (current international $)",SH.XPD.CHEX.PP.CD,,,,,,,,,,,,,,,,,,,,,,,,,,,,,,,,,,,,,,,,,,,,,,,,,,,,,,,,,,,,,
Guyana,GUY,"Current health expenditure per capita, PPP (current international $)",SH.XPD.CHEX.PP.CD,,,,,,,,,,,,,,,,,,,,,,,,,,,,,,,,,,,,,,,,,243.0802612,245.0710754,266.4615173,275.625,312.9246826,333.4271545,237.8826904,277.8930054,291.8387756,304.1746521,332.8829041,340.4000855,336.1725464,363.0925903,387.9768982,406.2045898,404.3433228,467.4169312,512.9215698,,
High income,HIC,"Current health expenditure per capita, PPP (current international $)",SH.XPD.CHEX.PP.CD,,,,,,,,,,,,,,,,,,,,,,,,,,,,,,,,,,,,,,,,,2579.84781,2771.70497,2975.047014,3160.801468,3341.84528,3517.552631,3749.952159,3945.331505,4134.09816,4339.877304,4473.534595,4670.344733,4823.369433,4996.075772,5197.52152,5427.757027,5624.035385,5857.994725,6065.063127,,
"Hong Kong SAR, China",HKG,"Current health expenditure per capita, PPP (current international $)",SH.XPD.CHEX.PP.CD,,,,,,,,,,,,,,,,,,,,,,,,,,,,,,,,,,,,,,,,,,,,,,,,,,,,,,,,,,,,,
Honduras,HND,"Current health expenditure per capita, PPP (current international $)",SH.XPD.CHEX.PP.CD,,,,,,,,,,,,,,,,,,,,,,,,,,,,,,,,,,,,,,,,,164.7540588,159.3228607,172.3016357,197.4028626,209.05513,244.2501068,274.6661072,301.0739136,333.0869141,335.2622681,334.4035339,350.3120422,359.2704163,361.394104,348.090271,339.4747009,360.1787109,344.2052612,362.2604675,,
Heavily indebted poor countries (HIPC),HPC,"Current health expenditure per capita, PPP (current international $)",SH.XPD.CHEX.PP.CD,,,,,,,,,,,,,,,,,,,,,,,,,,,,,,,,,,,,,,,,,58.17130808,61.87594145,64.87414569,70.45684764,77.30413658,86.16776628,92.16540605,98.3559976,99.6052385,104.3445725,106.0725091,112.5046389,110.4408484,116.1993137,119.158198,126.0162839,130.6892777,131.7792293,130.775767,,
Croatia,HRV,"Current health expenditure per capita, PPP (current international $)",SH.XPD.CHEX.PP.CD,,,,,,,,,,,,,,,,,,,,,,,,,,,,,,,,,,,,,,,,,811.1820068,836.5319214,784.1401367,860.9785767,954.5822144,1056.766724,1215.816772,1443.335083,1604.328369,1633.331299,1598.638184,1612.717896,1644.482666,1420.1073,1475.160645,1553.761963,1667.585327,1773.441772,1876.104492,,
Haiti,HTI,"Current health expenditure per capita, PPP (current international $)",SH.XPD.CHEX.PP.CD,,,,,,,,,,,,,,,,,,,,,,,,,,,,,,,,,,,,,,,,,93.81253052,89.52986145,80.91612244,78.34844208,77.48604584,75.34593964,77.98433685,87.37458038,90.13020325,94.51832581,120.4519043,160.5503693,156.7504425,122.2214127,136.4888458,152.3836517,150.7802734,147.0072784,143.6287842,,
Hungary,HUN,"Current health expenditure per capita, PPP (current international $)",SH.XPD.CHEX.PP.CD,,,,,,,,,,,,,,,,,,,,,,,,,,,,,,,,,,,,,,,,,802.8753662,900.8530884,1032.775024,1254.005981,1259.805664,1364.599365,1427.435913,1372.69397,1467.767578,1496.833618,1618.288452,1720.48938,1722.257813,1773.085571,1808.397217,1834.953613,1949.05249,2003.747681,2115.192383,,
IBRD only,IBD,"Current health expenditure per capita, PPP (current international $)",SH.XPD.CHEX.PP.CD,,,,,,,,,,,,,,,,,,,,,,,,,,,,,,,,,,,,,,,,,219.406037,235.9481022,247.8852404,263.1108984,282.073362,304.690166,335.7021272,364.0253922,397.7659771,440.9287863,455.8897918,486.4348096,525.7219775,568.1793286,604.7885014,641.9787311,672.8981609,722.3965798,763.277952,,
IDA & IBRD total,IBT,"Current health expenditure per capita, PPP (current international $)",SH.XPD.CHEX.PP.CD,,,,,,,,,,,,,,,,,,,,,,,,,,,,,,,,,,,,,,,,,187.540539,200.9567612,209.9310227,224.4394664,239.8445726,259.0138591,283.9253328,306.7228026,332.7174562,366.3682191,376.8378712,400.3384117,430.2041521,464.8669515,493.1779885,522.2337079,547.1711861,583.5990179,614.9106722,,
IDA total,IDA,"Current health expenditure per capita, PPP (current international $)",SH.XPD.CHEX.PP.CD,,,,,,,,,,,,,,,,,,,,,,,,,,,,,,,,,,,,,,,,,64.67656659,67.74627624,70.20204848,83.18074912,87.61028184,96.50275528,102.1313616,108.1994099,110.33085,114.7811236,116.097251,119.9866717,123.4359402,132.6073168,139.023186,147.4049343,151.8945639,156.2583084,164.4504404,,
IDA blend,IDB,"Current health expenditure per capita, PPP (current international $)",SH.XPD.CHEX.PP.CD,,,,,,,,,,,,,,,,,,,,,,,,,,,,,,,,,,,,,,,,,87.18609981,89.00791976,89.03894545,116.126244,117.3804604,129.3398587,134.3615262,140.4892137,140.9075014,142.6964558,142.8349086,143.798436,151.2429495,164.9493768,171.0264203,180.2002891,186.7843657,193.7850987,212.819507,,
Indonesia,IDN,"Current health expenditure per capita, PPP (current international $)",SH.XPD.CHEX.PP.CD,,,,,,,,,,,,,,,,,,,,,,,,,,,,,,,,,,,,,,,,,95.95162201,114.1544495,111.7843247,133.2376099,133.8318329,171.2157135,189.891571,220.2726288,214.7241821,224.9380493,245.2957764,261.8250427,274.1750183,296.3525391,329.486969,330.9111328,358.0777893,352.1897583,375.1556397,,
IDA only,IDX,"Current health expenditure per capita, PPP (current international $)",SH.XPD.CHEX.PP.CD,,,,,,,,,,,,,,,,,,,,,,,,,,,,,,,,,,,,,,,,,53.18409743,56.88393861,60.87012767,66.82480986,72.83389777,80.200254,86.11864114,92.13792791,95.09747479,100.8485869,102.3341328,107.7004879,109.0640227,115.5095439,122.1023549,130.0655088,132.9323726,136.0929003,138.4660953,,
Isle of Man,IMN,"Current health expenditure per capita, PPP (current international $)",SH.XPD.CHEX.PP.CD,,,,,,,,,,,,,,,,,,,,,,,,,,,,,,,,,,,,,,,,,,,,,,,,,,,,,,,,,,,,,
India,IND,"Current health expenditure per capita, PPP (current international $)",SH.XPD.CHEX.PP.CD,,,,,,,,,,,,,,,,,,,,,,,,,,,,,,,,,,,,,,,,,88.54707336,98.49325562,101.5754089,103.7686615,111.7201767,117.1610947,122.2366486,129.9201202,134.8325501,142.7907257,145.4659882,150.1291657,163.4576721,196.9314728,205.6907501,220.5536652,232.9469757,253.4210205,275.1304016,,
Not classified,INX,"Current health expenditure per capita, PPP (current international $)",SH.XPD.CHEX.PP.CD,,,,,,,,,,,,,,,,,,,,,,,,,,,,,,,,,,,,,,,,,,,,,,,,,,,,,,,,,,,,,
Ireland,IRL,"Current health expenditure per capita, PPP (current international $)",SH.XPD.CHEX.PP.CD,,,,,,,,,,,,,,,,,,,,,,,,,,,,,,,,,,,,,,,,,1795.534424,2100.935303,2369.668945,2560.516602,2822.626465,3128.888184,3372.339355,3697.598877,4059.450439,4381.680176,4561.257813,4813.001465,4954.579102,4948.549805,4962.424316,5079.226074,5365.20166,5616.831543,5896.691895,,
"Iran, Islamic Rep.",IRN,"Current health expenditure per capita, PPP (current international $)",SH.XPD.CHEX.PP.CD,,,,,,,,,,,,,,,,,,,,,,,,,,,,,,,,,,,,,,,,,510.015564,562.3146973,553.6343994,652.4977417,690.0203247,756.5249634,795.2723999,835.7024536,882.4782715,1092.223022,1189.325073,1209.718628,1129.15625,1021.589661,1223.499634,1348.209717,1727.065308,1758.991455,1691.335693,,
Iraq,IRQ,"Current health expenditure per capita, PPP (current international $)",SH.XPD.CHEX.PP.CD,,,,,,,,,,,,,,,,,,,,,,,,,,,,,,,,,,,,,,,,,,,,181.9386597,355.6925049,282.1672669,262.6165161,344.7498474,365.5104065,463.0299072,416.2540283,382.2424316,412.1922913,454.8693848,446.0600281,502.3175354,583.786438,722.6640015,715.958313,,
Iceland,ISL,"Current health expenditure per capita, PPP (current international $)",SH.XPD.CHEX.PP.CD,,,,,,,,,,,,,,,,,,,,,,,,,,,,,,,,,,,,,,,,,2666.730713,2822.038086,3110.162598,3272.38623,3381.32373,3426.033936,3498.621094,3627.292236,3798.194824,3744.665283,3352.713623,3317.452148,3383.854492,3592.393311,3770.976807,3979.375,4314.76123,4739.734375,5113.22168,,
Israel,ISR,"Current health expenditure per capita, PPP (current international $)",SH.XPD.CHEX.PP.CD,,,,,,,,,,,,,,,,,,,,,,,,,,,,,,,,,,,,,,,,,1793.636475,1913.079712,1920.094727,1799.45813,1886.622559,1877.496216,1873.939575,1984.8302,1989.981079,2023.252075,2101.578369,2210.542236,2342.507568,2518.752441,2560.209717,2645.089355,2852.71167,3087.963379,3207.466309,,
Italy,ITA,"Current health expenditure per capita, PPP (current international $)",SH.XPD.CHEX.PP.CD,,,,,,,,,,,,,,,,,,,,,,,,,,,,,,,,,,,,,,,,,2049.430664,2170.557861,2263.524414,2291.761475,2419.033447,2516.803223,2738.939941,2785.304932,3040.122803,3103.13623,3139.108154,3211.956055,3212.635498,3216.071777,3210.07373,3265.522461,3416.696777,3572.10083,3624.082275,,
Jamaica,JAM,"Current health expenditure per capita, PPP (current international $)",SH.XPD.CHEX.PP.CD,,,,,,,,,,,,,,,,,,,,,,,,,,,,,,,,,,,,,,,,,356.6637268,334.9234009,317.2000732,296.0367737,348.6676636,341.3444214,333.217041,436.6525574,463.3846436,407.6177673,415.8730469,424.9133301,399.1210022,411.5988464,437.7676086,483.5354004,500.2128906,552.1261597,559.1159058,,
Jordan,JOR,"Current health expenditure per capita, PPP (current international $)",SH.XPD.CHEX.PP.CD,,,,,,,,,,,,,,,,,,,,,,,,,,,,,,,,,,,,,,,,,552.6442871,598.7741699,616.7074585,604.5085449,649.5696411,688.6179199,670.8109741,735.4212647,808.8699951,887.5708008,769.9524536,759.7619019,721.5877686,659.1704102,667.2220459,687.8214111,662.0898438,749.821167,737.7508545,,
Japan,JPN,"Current health expenditure per capita, PPP (current international $)",SH.XPD.CHEX.PP.CD,,,,,,,,,,,,,,,,,,,,,,,,,,,,,,,,,,,,,,,,,1908.959961,2012.817505,2097.134277,2195.607178,2315.775146,2453.009521,2572.188477,2711.881836,2842.77124,2995.341553,3191.907227,3778.414307,3988.363525,4177.434082,4214.348633,4368.333008,4304.609375,4386.461426,4503.682129,,
Kazakhstan,KAZ,"Current health expenditure per capita, PPP (current international $)",SH.XPD.CHEX.PP.CD,,,,,,,,,,,,,,,,,,,,,,,,,,,,,,,,,,,,,,,,,328.5897827,318.2451477,368.0412293,418.5817871,499.0236206,547.4664307,538.6237793,474.5133972,558.0515747,645.5908203,540.9793091,555.9377441,682.2367554,634.75,740.8073731,762.6074829,864.5744629,806.7290039,783.7634277,,
Kenya,KEN,"Current health expenditure per capita, PPP (current international $)",SH.XPD.CHEX.PP.CD,,,,,,,,,,,,,,,,,,,,,,,,,,,,,,,,,,,,,,,,,86.1667099,92.6365509,95.35327911,101.7932739,110.1046906,116.1654053,122.2360535,133.2022705,133.5591888,134.762497,145.9436493,146.2182007,146.5587463,151.233429,156.5245514,155.959198,160.49086,157.5978394,179.1804352,,
Kyrgyz Republic,KGZ,"Current health expenditure per capita, PPP (current international $)",SH.XPD.CHEX.PP.CD,,,,,,,,,,,,,,,,,,,,,,,,,,,,,,,,,,,,,,,,,72.53806305,75.00582123,81.32377625,111.9415054,130.3764648,160.0325623,187.8392181,172.5889893,177.1188202,191.2324829,190.8532562,207.4507446,247.9826355,264.0887756,246.6138916,246.7991943,228.9799957,231.2718048,259.9259949,,
Cambodia,KHM,"Current health expenditure per capita, PPP (current international $)",SH.XPD.CHEX.PP.CD,,,,,,,,,,,,,,,,,,,,,,,,,,,,,,,,,,,,,,,,,71.60393524,83.11769867,91.1519165,95.12265778,108.2492371,120.227066,120.6353531,107.7752838,155.5154114,177.4917297,170.7676697,199.4485626,207.679657,218.3244476,221.1934052,217.6573181,228.9375305,238.1037598,261.157196,,
Kiribati,KIR,"Current health expenditure per capita, PPP (current international $)",SH.XPD.CHEX.PP.CD,,,,,,,,,,,,,,,,,,,,,,,,,,,,,,,,,,,,,,,,,136.8579254,193.2058868,193.5116577,176.8265076,204.0164642,201.0258637,203.0230866,205.0095215,247.044632,234.9419251,157.8133545,150.0161591,158.2645569,182.0312805,190.2208405,168.7265778,206.1556397,239.9270477,277.8327332,,
St. Kitts and Nevis,KNA,"Current health expenditure per capita, PPP (current international $)",SH.XPD.CHEX.PP.CD,,,,,,,,,,,,,,,,,,,,,,,,,,,,,,,,,,,,,,,,,827.6082153,801.5253906,836.8105469,865.6083374,856.303833,996.4396973,1141.165405,1085.011108,1330.013672,1317.597534,1283.878418,1307.056152,1265.125244,1367.347534,1243.772705,1387.018066,1559.180298,1553.063721,1555.556641,,
"Korea, Rep.",KOR,"Current health expenditure per capita, PPP (current international $)",SH.XPD.CHEX.PP.CD,,,,,,,,,,,,,,,,,,,,,,,,,,,,,,,,,,,,,,,,,717.3890381,865.8091431,884.5716553,969.0688477,1035.081909,1150.74939,1316.818848,1475.735229,1612.57959,1712.750488,1878.51355,1961.464111,2063.654053,2143.083252,2293.312988,2531.398438,2748.36792,2929.065674,3213.66333,,
Kuwait,KWT,"Current health expenditure per capita, PPP (current international $)",SH.XPD.CHEX.PP.CD,,,,,,,,,,,,,,,,,,,,,,,,,,,,,,,,,,,,,,,,,1410.120117,2014.103027,2054.006836,2195.109131,2083.182861,1985.989258,1993.678345,1947.387329,1738.424072,3067.051025,2035.182129,2042.692383,2064.420654,2026.957642,2452.650635,3012.718018,3051.08667,3760.216064,3669.016602,,
Latin America & Caribbean (excluding high income),LAC,"Current health expenditure per capita, PPP (current international $)",SH.XPD.CHEX.PP.CD,,,,,,,,,,,,,,,,,,,,,,,,,,,,,,,,,,,,,,,,,570.4271355,600.0986256,609.1868706,625.2110788,663.1017129,707.2326884,769.3979296,840.4074275,884.571739,935.3797406,964.1885928,1005.918008,1041.548399,1101.463291,1151.204745,1204.857188,1176.545474,1240.07738,1252.785477,,
Lao PDR,LAO,"Current health expenditure per capita, PPP (current international $)",SH.XPD.CHEX.PP.CD,,,,,,,,,,,,,,,,,,,,,,,,,,,,,,,,,,,,,,,,,87.69218445,95.90525055,91.86670685,118.1975555,101.2795181,103.2467575,101.4411011,117.8927078,108.4024735,146.0526886,126.6574554,89.33415985,100.990593,126.4069214,130.778183,149.082962,152.8253021,175.3018341,167.1159668,,
Lebanon,LBN,"Current health expenditure per capita, PPP (current international $)",SH.XPD.CHEX.PP.CD,,,,,,,,,,,,,,,,,,,,,,,,,,,,,,,,,,,,,,,,,902.1057129,896.8653565,790.126648,729.6179199,727.7052612,707.3044434,838.1000366,927.9476318,942.6300049,929.0031738,1050.341309,1127.754272,1079.737915,1009.067383,1024.089111,974.9240723,1012.601135,1081.281006,1085.851196,,
Liberia,LBR,"Current health expenditure per capita, PPP (current international $)",SH.XPD.CHEX.PP.CD,,,,,,,,,,,,,,,,,,,,,,,,,,,,,,,,,,,,,,,,,40.4727211,33.13300705,28.91188622,23.0533371,59.07924271,71.16345215,63.80862045,86.69432831,72.09732056,93.79473114,90.72501373,100.9067841,100.8758774,109.594574,124.9638062,133.499527,135.0563049,123.5618668,102.826767,,
Libya,LBY,"Current health expenditure per capita, PPP (current international $)",SH.XPD.CHEX.PP.CD,,,,,,,,,,,,,,,,,,,,,,,,,,,,,,,,,,,,,,,,,597.2935181,698.1324463,834.2664185,792.4138794,712.5478516,602.1906128,630.0258789,657.2282105,621.4128418,949.7407227,955.4846802,619.0524902,,,,,,,,,
St. Lucia,LCA,"Current health expenditure per capita, PPP (current international $)",SH.XPD.CHEX.PP.CD,,,,,,,,,,,,,,,,,,,,,,,,,,,,,,,,,,,,,,,,,461.1949463,474.9058838,505.7821655,518.6767578,515.6171875,534.5446167,609.6325684,634.3763428,655.5367432,653.456543,611.7565918,676.2996826,678.5492554,697.1033325,601.1290283,577.031311,647.7218018,636.7132568,610.5215454,,
Latin America & Caribbean,LCN,"Current health expenditure per capita, PPP (current international $)",SH.XPD.CHEX.PP.CD,,,,,,,,,,,,,,,,,,,,,,,,,,,,,,,,,,,,,,,,,589.8676443,622.9784102,627.6221564,639.8127526,677.7564945,719.2730987,799.287619,870.8821938,906.2252764,962.6886318,984.6132172,1032.92651,1067.177763,1120.439949,1169.651008,1220.196497,1186.300913,1254.370734,1251.613528,,
Least developed countries: UN classification,LDC,"Current health expenditure per capita, PPP (current international $)",SH.XPD.CHEX.PP.CD,,,,,,,,,,,,,,,,,,,,,,,,,,,,,,,,,,,,,,,,,44.41902119,50.8713201,53.83060536,59.3563725,65.76047217,70.4813512,78.34981914,84.52471792,87.71409045,93.75662695,93.28717818,97.58403877,98.86568769,108.5154756,115.0679236,123.4492182,126.8343618,129.59664,130.2549415,,
Low income,LIC,"Current health expenditure per capita, PPP (current international $)",SH.XPD.CHEX.PP.CD,,,,,,,,,,,,,,,,,,,,,,,,,,,,,,,,,,,,,,,,,50.35143166,54.1698774,59.01490125,65.30770189,70.6007155,76.19584856,84.08591255,92.09862069,93.3074966,98.54428709,97.34694501,100.4378628,94.68789115,100.6890349,104.2829871,107.5514779,111.7866655,113.9865853,109.1244469,,
Liechtenstein,LIE,"Current health expenditure per capita, PPP (current international $)",SH.XPD.CHEX.PP.CD,,,,,,,,,,,,,,,,,,,,,,,,,,,,,,,,,,,,,,,,,,,,,,,,,,,,,,,,,,,,,
Sri Lanka,LKA,"Current health expenditure per capita, PPP (current international $)",SH.XPD.CHEX.PP.CD,,,,,,,,,,,,,,,,,,,,,,,,,,,,,,,,,,,,,,,,,221.7124481,218.711792,228.0532837,213.1091614,253.4611206,264.5141907,288.9986572,312.342865,337.7941284,368.3048401,322.1167603,340.3129578,344.4052734,404.8227539,405.5350342,461.5687561,481.7270508,497.980072,516.9215088,,
Lower middle income,LMC,"Current health expenditure per capita, PPP (current international $)",SH.XPD.CHEX.PP.CD,,,,,,,,,,,,,,,,,,,,,,,,,,,,,,,,,,,,,,,,,111.1633983,123.3553904,125.0100868,137.51166,145.5361428,158.8695145,168.6067105,180.1279191,186.1376067,201.4562569,208.6762193,216.8480508,229.1191423,249.425745,264.8968239,282.594398,303.029904,318.1303756,333.5910079,,
Low & middle income,LMY,"Current health expenditure per capita, PPP (current international $)",SH.XPD.CHEX.PP.CD,,,,,,,,,,,,,,,,,,,,,,,,,,,,,,,,,,,,,,,,,179.3837708,192.1151908,201.2533734,216.264257,231.1322123,250.9365454,273.6897027,296.3714112,322.198446,355.0663281,365.3994105,388.0180854,417.2746543,452.8096562,481.7630665,511.4337059,535.439469,570.746243,603.8224426,,
Lesotho,LSO,"Current health expenditure per capita, PPP (current international $)",SH.XPD.CHEX.PP.CD,,,,,,,,,,,,,,,,,,,,,,,,,,,,,,,,,,,,,,,,,78.36423492,88.75691223,82.63246155,83.12494659,85.47113037,82.50979614,98.62727356,149.5470886,167.1294098,200.3475647,187.7465057,231.4322815,243.9161224,267.3849793,264.1552124,260.3036194,254.090683,283.6983948,308.9975281,,
Late-demographic dividend,LTE,"Current health expenditure per capita, PPP (current international $)",SH.XPD.CHEX.PP.CD,,,,,,,,,,,,,,,,,,,,,,,,,,,,,,,,,,,,,,,,,244.5735114,261.0234524,286.8498383,304.3143142,327.3899325,355.6342224,395.9630201,432.3882491,489.8813044,556.3804119,573.7245994,621.7432899,684.8980471,749.3163761,806.3191617,860.4649707,905.9359238,983.7050409,1065.964455,,
Lithuania,LTU,"Current health expenditure per capita, PPP (current international $)",SH.XPD.CHEX.PP.CD,,,,,,,,,,,,,,,,,,,,,,,,,,,,,,,,,,,,,,,,,521.8044434,565.029419,641.8256836,742.1721191,712.9066773,811.5722656,956.5249634,1093.283203,1298.464844,1325.946045,1349.93811,1472.826172,1542.192261,1629.120117,1738.959961,1861.51001,1999.071411,2142.755371,2312.955322,,
Luxembourg,LUX,"Current health expenditure per capita, PPP (current international $)",SH.XPD.CHEX.PP.CD,,,,,,,,,,,,,,,,,,,,,,,,,,,,,,,,,,,,,,,,,3286.677734,3603.983398,3979.253662,4217.46582,4737.317871,4941.683105,5268.861816,5277.879395,5725.231934,6091.461914,6078.587402,5694.883301,5175.365234,5346.196289,5573.944824,5546.682129,5675.387695,5870.35498,6047.822266,,
Latvia,LVA,"Current health expenditure per capita, PPP (current international $)",SH.XPD.CHEX.PP.CD,,,,,,,,,,,,,,,,,,,,,,,,,,,,,,,,,,,,,,,,,434.3800964,518.5011597,578.2618408,602.397522,756.3787231,807.5819702,899.7324219,1000.560547,1085.896118,1028.872192,1068.700562,1093.872681,1146.01062,1217.72644,1296.149414,1405.778442,1630.908813,1704.413452,1895.775757,,
"Macao SAR, China",MAC,"Current health expenditure per capita, PPP (current international $)",SH.XPD.CHEX.PP.CD,,,,,,,,,,,,,,,,,,,,,,,,,,,,,,,,,,,,,,,,,,,,,,,,,,,,,,,,,,,,,
St. Martin (French part),MAF,"Current health expenditure per capita, PPP (current international $)",SH.XPD.CHEX.PP.CD,,,,,,,,,,,,,,,,,,,,,,,,,,,,,,,,,,,,,,,,,,,,,,,,,,,,,,,,,,,,,
Morocco,MAR,"Current health expenditure per capita, PPP (current international $)",SH.XPD.CHEX.PP.CD,,,,,,,,,,,,,,,,,,,,,,,,,,,,,,,,,,,,,,,,,143.7612763,161.8136444,179.7886963,197.2726288,218.052002,231.3740387,262.91922,303.2325134,316.3813477,361.5878906,376.3608093,390.0499573,404.986145,420.1504822,404.1368408,402.7840576,419.5443115,439.5994263,467.1251526,,
Monaco,MCO,"Current health expenditure per capita, PPP (current international $)",SH.XPD.CHEX.PP.CD,,,,,,,,,,,,,,,,,,,,,,,,,,,,,,,,,,,,,,,,,1625.900757,1738.333008,1842.650146,2087.594727,2202.236572,2297.155029,2345.224609,2440.030518,2680.827148,2786.973145,2911.784424,3006.104004,3113.121826,3343.587891,3542.017334,3458.355225,2839.660645,2799.825195,2982.528076,,
Moldova,MDA,"Current health expenditure per capita, PPP (current international $)",SH.XPD.CHEX.PP.CD,,,,,,,,,,,,,,,,,,,,,,,,,,,,,,,,,,,,,,,,,135.0436249,151.332962,197.2060089,203.6076355,287.7488098,340.496521,406.7619934,450.7574158,493.3139648,584.4924316,469.6131592,455.9382629,464.2356873,489.3770447,520.809082,520.3948364,483.9610901,481.3316956,479.8528748,,
Madagascar,MDG,"Current health expenditure per capita, PPP (current international $)",SH.XPD.CHEX.PP.CD,,,,,,,,,,,,,,,,,,,,,,,,,,,,,,,,,,,,,,,,,70.1029129,78.50627136,69.86684418,72.43315125,84.57933044,86.70489502,89.31578827,72.11738586,70.37244415,71.27667999,73.65384674,70.91418457,61.62969971,59.65586472,73.37564087,84.25282288,90.479599,86.85874939,79.07378387,,
Maldives,MDV,"Current health expenditure per capita, PPP (current international $)",SH.XPD.CHEX.PP.CD,,,,,,,,,,,,,,,,,,,,,,,,,,,,,,,,,,,,,,,,,774.6828003,565.9910889,642.6896362,604.8814087,707.0877075,727.6509399,841.2370606,938.1984863,1411.390015,1128.17627,994.8008423,989.2387085,1083.810669,1060.859741,1077.281006,1177.199219,1432.290405,1347.387939,1442.573242,,
Middle East & North Africa,MEA,"Current health expenditure per capita, PPP (current international $)",SH.XPD.CHEX.PP.CD,,,,,,,,,,,,,,,,,,,,,,,,,,,,,,,,,,,,,,,,,485.2241009,533.0017743,536.2124869,537.7120895,558.2102917,569.1797909,600.5504741,636.3451686,650.5886174,792.0206596,780.4155292,802.5827598,833.1465293,895.3081457,1002.099447,1108.289483,1267.264085,1378.037875,1336.406154,,
Mexico,MEX,"Current health expenditure per capita, PPP (current international $)",SH.XPD.CHEX.PP.CD,,,,,,,,,,,,,,,,,,,,,,,,,,,,,,,,,,,,,,,,,493.3996582,536.4995117,567.388855,667.6888428,719.5745239,738.7151489,780.8876953,824.0288086,850.5461426,892.3889771,911.84198,941.8432617,1002.700439,1032.144531,1016.058655,1059.990601,1054.805664,1071.986084,1065.950073,,
Marshall Islands,MHL,"Current health expenditure per capita, PPP (current international $)",SH.XPD.CHEX.PP.CD,,,,,,,,,,,,,,,,,,,,,,,,,,,,,,,,,,,,,,,,,469.5071106,431.9414063,396.2851563,387.1112671,472.8576965,606.968811,635.1192627,536.4055176,496.8770142,485.8309937,508.0502625,483.2306824,476.8937378,512.244751,507.6663818,598.9631348,624.7855835,605.8595581,677.1655884,,
Middle income,MIC,"Current health expenditure per capita, PPP (current international $)",SH.XPD.CHEX.PP.CD,,,,,,,,,,,,,,,,,,,,,,,,,,,,,,,,,,,,,,,,,188.619696,202.1441782,212.444288,228.2827207,244.1390809,265.3448532,289.6006022,313.818182,342.0899527,377.7376345,389.4189624,414.1910546,447.1136334,484.5867458,516.4337717,549.1861576,573.6762903,613.5844033,651.0241945,,
North Macedonia,MKD,"Current health expenditure per capita, PPP (current international $)",SH.XPD.CHEX.PP.CD,,,,,,,,,,,,,,,,,,,,,,,,,,,,,,,,,,,,,,,,,543.4628296,505.3145142,566.1132813,585.7941895,599.3372803,595.8733521,633.8303833,607.3237305,682.713562,712.5440064,756.8942871,756.9227905,783.1531982,850.230957,840.8475342,877.2150269,945.0075684,1011.274292,1073.195557,,
Mali,MLI,"Current health expenditure per capita, PPP (current international $)",SH.XPD.CHEX.PP.CD,,,,,,,,,,,,,,,,,,,,,,,,,,,,,,,,,,,,,,,,,63.76251984,60.36297607,67.8707428,73.87671661,77.11087036,81.64997101,89.47227478,88.54497528,88.28492737,93.04799652,85.94893646,75.41117859,69.13974762,73.88751984,88.47878265,84.41343689,80.47440338,91.17798615,90.00173187,,
Malta,MLT,"Current health expenditure per capita, PPP (current international $)",SH.XPD.CHEX.PP.CD,,,,,,,,,,,,,,,,,,,,,,,,,,,,,,,,,,,,,,,,,1210.797729,1301.592285,1515.567871,1656.001831,1738.493042,1938.254272,2053.999756,2050.655273,2093.553223,2120.048828,2286.543945,2455.247314,2548.909668,2766.522705,3157.466064,3374.156006,3541.352783,3891.494385,3897.328613,,
Myanmar,MMR,"Current health expenditure per capita, PPP (current international $)",SH.XPD.CHEX.PP.CD,,,,,,,,,,,,,,,,,,,,,,,,,,,,,,,,,,,,,,,,,21.77595139,24.42667961,31.32102776,35.22969055,42.43008041,46.58028412,51.76559067,52.94213486,62.19148636,69.12324524,65.93917847,68.95502472,97.30554962,139.8271637,207.7199554,279.2015381,271.6784058,286.7255554,291.7381897,,
Middle East & North Africa (excluding high income),MNA,"Current health expenditure per capita, PPP (current international $)",SH.XPD.CHEX.PP.CD,,,,,,,,,,,,,,,,,,,,,,,,,,,,,,,,,,,,,,,,,336.8701866,374.2184563,382.9899487,391.8872082,416.6416249,430.6728556,453.2594929,486.1200124,514.5256713,602.6558429,617.530168,625.81416,631.5004739,651.1654346,715.0238251,769.7581676,932.5752158,977.6869846,947.9306378,,
Montenegro,MNE,"Current health expenditure per capita, PPP (current international $)",SH.XPD.CHEX.PP.CD,,,,,,,,,,,,,,,,,,,,,,,,,,,,,,,,,,,,,,,,,,,,,,,,,,,,,,,,,,,1711.209961,,
Mongolia,MNG,"Current health expenditure per capita, PPP (current international $)",SH.XPD.CHEX.PP.CD,,,,,,,,,,,,,,,,,,,,,,,,,,,,,,,,,,,,,,,,,210.9716797,195.1776123,211.0961609,180.0258942,204.9641419,202.3290253,223.0898438,270.7837219,331.2910156,317.5025024,281.6092835,317.4838562,383.163971,450.1900635,499.691864,512.8447266,537.0564575,512.3093262,519.2666016,,
Northern Mariana Islands,MNP,"Current health expenditure per capita, PPP (current international $)",SH.XPD.CHEX.PP.CD,,,,,,,,,,,,,,,,,,,,,,,,,,,,,,,,,,,,,,,,,,,,,,,,,,,,,,,,,,,,,
Mozambique,MOZ,"Current health expenditure per capita, PPP (current international $)",SH.XPD.CHEX.PP.CD,,,,,,,,,,,,,,,,,,,,,,,,,,,,,,,,,,,,,,,,,11.42467213,17.08145714,20.76300621,22.81335831,25.41880226,32.28885651,33.13693237,35.71247101,39.82906342,49.99464417,54.00431824,53.19391251,60.15741348,74.46936798,81.36811829,90.96958923,98.9332428,110.517334,117.7957382,,
Mauritania,MRT,"Current health expenditure per capita, PPP (current international $)",SH.XPD.CHEX.PP.CD,,,,,,,,,,,,,,,,,,,,,,,,,,,,,,,,,,,,,,,,,104.8706665,110.2202988,122.2610779,126.4269409,120.5389099,126.0241013,114.1964188,125.2390289,131.051178,130.5933838,114.8408508,112.8366699,124.2539291,140.398468,169.8892517,185.1340942,166.1908264,181.2558289,190.1377869,,
Mauritius,MUS,"Current health expenditure per capita, PPP (current international $)",SH.XPD.CHEX.PP.CD,,,,,,,,,,,,,,,,,,,,,,,,,,,,,,,,,,,,,,,,,271.8591919,291.4132385,326.1830444,349.0742798,387.6611328,429.3146057,453.0414124,478.3377075,572.0628052,628.1199341,716.4160767,714.2078247,746.4818726,858.3463745,1062.846558,1152.156006,1208.594482,1278.093506,1380.735962,,
Malawi,MWI,"Current health expenditure per capita, PPP (current international $)",SH.XPD.CHEX.PP.CD,,,,,,,,,,,,,,,,,,,,,,,,,,,,,,,,,,,,,,,,,40.87712479,34.30857086,25.35079384,32.98636627,42.72270584,46.81259537,56.13338089,68.06430817,81.44604492,83.08202362,76.43268585,82.27702332,93.94444275,133.4893951,117.2529297,114.4055939,120.5651856,121.004837,119.512825,,
Malaysia,MYS,"Current health expenditure per capita, PPP (current international $)",SH.XPD.CHEX.PP.CD,,,,,,,,,,,,,,,,,,,,,,,,,,,,,,,,,,,,,,,,,357.2243652,381.8222351,399.7225342,461.8920288,485.6431274,485.0638733,577.0615845,609.3074341,626.6824341,661.7579346,665.5287476,738.6868897,817.3304443,867.3649292,977.6235962,1034.791626,1041.845581,1114.687256,1193.853882,,
North America,NAC,"Current health expenditure per capita, PPP (current international $)",SH.XPD.CHEX.PP.CD,,,,,,,,,,,,,,,,,,,,,,,,,,,,,,,,,,,,,,,,,4355.056876,4689.428099,5079.418859,5464.660911,5806.855164,6143.395521,6499.647706,6832.155689,7060.30381,7331.442108,7566.346537,7747.804473,7999.395964,8195.231722,8586.569314,9014.146026,9378.320789,9685.574468,10071.40366,,
Namibia,NAM,"Current health expenditure per capita, PPP (current international $)",SH.XPD.CHEX.PP.CD,,,,,,,,,,,,,,,,,,,,,,,,,,,,,,,,,,,,,,,,,519.3882446,522.6537476,563.3037109,597.1201782,695.2666626,723.7402954,778.8092651,854.0108032,806.9778442,729.9005127,826.7268677,880.704895,873.3310547,863.1296997,865.9800415,1083.667969,991.9204102,920.4567261,882.663269,,
New Caledonia,NCL,"Current health expenditure per capita, PPP (current international $)",SH.XPD.CHEX.PP.CD,,,,,,,,,,,,,,,,,,,,,,,,,,,,,,,,,,,,,,,,,,,,,,,,,,,,,,,,,,,,,
Niger,NER,"Current health expenditure per capita, PPP (current international $)",SH.XPD.CHEX.PP.CD,,,,,,,,,,,,,,,,,,,,,,,,,,,,,,,,,,,,,,,,,40.0604744,42.44920349,44.63864136,44.72300339,45.28923416,55.12868118,59.08403778,55.41283035,58.13796616,60.17289352,54.653862,53.13955307,51.14357758,53.64534378,55.65916824,69.1915741,61.33544159,77.6079483,77.98433685,,
Nigeria,NGA,"Current health expenditure per capita, PPP (current international $)",SH.XPD.CHEX.PP.CD,,,,,,,,,,,,,,,,,,,,,,,,,,,,,,,,,,,,,,,,,76.2686615,81.22908783,72.27648163,155.6778107,152.0482025,157.9532013,157.0558624,155.0528717,160.0048523,170.8191834,166.7892609,174.7268219,181.7873535,194.9167481,201.2387085,217.5131073,214.595932,221.1101532,232.992218,,
Nicaragua,NIC,"Current health expenditure per capita, PPP (current international $)",SH.XPD.CHEX.PP.CD,,,,,,,,,,,,,,,,,,,,,,,,,,,,,,,,,,,,,,,,,142.3934784,154.5343628,162.9879456,178.1058502,189.1975555,206.2301483,222.9396362,259.6152649,278.1923218,286.7559815,299.7558594,310.1536865,333.8858948,358.8468628,394.8773804,412.0847473,434.6550903,473.0038757,473.9250183,,
Netherlands,NLD,"Current health expenditure per capita, PPP (current international $)",SH.XPD.CHEX.PP.CD,,,,,,,,,,,,,,,,,,,,,,,,,,,,,,,,,,,,,,,,,2466.145264,2685.151123,2987.458008,3095.604248,3264.333252,3425.682861,3723.125,3979.697754,4316.769043,4465.502441,4585.033691,4779.419922,4989.330566,5219.263672,5213.534668,5205.214844,5279.848145,5498.881836,5634.529297,,
Norway,NOR,"Current health expenditure per capita, PPP (current international $)",SH.XPD.CHEX.PP.CD,,,,,,,,,,,,,,,,,,,,,,,,,,,,,,,,,,,,,,,,,2857.60083,3037.699951,3429.115723,3562.252686,3761.835205,3995.396729,4299.270996,4525.131836,4945.300293,5059.641602,5194.493652,5492.077148,5774.39209,6012.884277,6192.903809,6144.084961,6270.376465,6515.912109,6818.346191,,
Nepal,NPL,"Current health expenditure per capita, PPP (current international $)",SH.XPD.CHEX.PP.CD,,,,,,,,,,,,,,,,,,,,,,,,,,,,,,,,,,,,,,,,,46.61116409,55.64065552,57.5688591,58.82842636,65.47727203,67.35793304,63.54803085,69.09924316,76.85862732,82.07357788,96.81156158,104.2378693,113.5442734,124.2390137,145.3946838,163.0548096,165.8592987,157.7546845,180.4055023,,
Nauru,NRU,"Current health expenditure per capita, PPP (current international $)",SH.XPD.CHEX.PP.CD,,,,,,,,,,,,,,,,,,,,,,,,,,,,,,,,,,,,,,,,,1157.086426,956.0315552,741.9612427,581.6560669,414.888916,523.177124,593.6897583,882.6132813,1356.207031,585.753418,710.2730713,669.888916,737.788269,748.6964111,998.3966065,1497.850952,1686.03833,1430.743652,1174.435303,,
New Zealand,NZL,"Current health expenditure per capita, PPP (current international $)",SH.XPD.CHEX.PP.CD,,,,,,,,,,,,,,,,,,,,,,,,,,,,,,,,,,,,,,,,,1607.13501,1693.325806,1834.470825,1853.051514,1985.014038,2123.63501,2395.624023,2439.957031,2709.70166,2940.222656,2983.4021,3088.697998,3140.933838,3335.008789,3467.033447,3481.532715,3735.72876,3815.657227,4024.38623,,
OECD members,OED,"Current health expenditure per capita, PPP (current international $)",SH.XPD.CHEX.PP.CD,,,,,,,,,,,,,,,,,,,,,,,,,,,,,,,,,,,,,,,,,2262.16988,2428.285854,2606.97551,2772.519894,2936.674756,3093.910434,3303.188781,3480.673705,3654.530415,3820.015406,3946.376435,4117.198876,4247.623332,4393.437679,4552.884654,4736.4937,4905.895523,5087.307887,5265.681621,,
Oman,OMN,"Current health expenditure per capita, PPP (current international $)",SH.XPD.CHEX.PP.CD,,,,,,,,,,,,,,,,,,,,,,,,,,,,,,,,,,,,,,,,,1071.874512,1138.157593,1159.42395,1122.029541,1068.057495,955.6540527,901.7096558,986.0812988,871.4829712,1253.456299,1218.584961,1069.855225,1107.577026,1196.465698,1479.576416,1804.001099,1834.124023,1651.551758,1729.541992,,
Other small states,OSS,"Current health expenditure per capita, PPP (current international $)",SH.XPD.CHEX.PP.CD,,,,,,,,,,,,,,,,,,,,,,,,,,,,,,,,,,,,,,,,,489.9372468,524.0911136,570.7892431,613.7041844,633.7743615,627.5654506,662.5399214,720.8145529,760.3712506,838.9774855,818.9417815,819.3349007,860.6513799,950.4722355,1020.143061,1176.422099,1204.510895,1177.408254,1177.026289,,
Pakistan,PAK,"Current health expenditure per capita, PPP (current international $)",SH.XPD.CHEX.PP.CD,,,,,,,,,,,,,,,,,,,,,,,,,,,,,,,,,,,,,,,,,84.16913605,80.23464203,85.77495575,76.95801544,80.04906464,100.2009201,110.3776703,121.2015915,114.4288712,103.6587448,103.5757904,95.99339294,99.76821899,114.4824295,125.0492554,127.9685745,142.0571747,152.1294861,178.2423248,,
Panama,PAN,"Current health expenditure per capita, PPP (current international $)",SH.XPD.CHEX.PP.CD,,,,,,,,,,,,,,,,,,,,,,,,,,,,,,,,,,,,,,,,,593.8699341,591.8775635,614.3978272,608.2756958,696.3475952,658.6850586,766.6338501,914.7565308,994.3171997,1018.340027,1084.790161,1127.409302,1234.493896,1337.697876,1465.060059,1514.138428,1696.900513,1688.365723,1856.691284,,
Peru,PER,"Current health expenditure per capita, PPP (current international $)",SH.XPD.CHEX.PP.CD,,,,,,,,,,,,,,,,,,,,,,,,,,,,,,,,,,,,,,,,,229.1729889,255.4592896,282.5022583,296.6697083,295.4177856,300.0381775,329.7015991,358.5126038,403.2895508,451.8010559,470.2999268,488.8170166,542.8882446,574.8932495,632.0886841,656.5996094,687.8981934,698.1608887,766.6363525,,
Philippines,PHL,"Current health expenditure per capita, PPP (current international $)",SH.XPD.CHEX.PP.CD,,,,,,,,,,,,,,,,,,,,,,,,,,,,,,,,,,,,,,,,,106.0435715,101.9648285,97.49652863,119.2434616,127.1533661,165.9774475,178.8253937,191.1745758,205.16539,222.3087158,235.8350525,239.3166199,266.0635986,290.8024292,286.0612183,316.0393982,343.0353088,370.8173218,393.9040222,,
Palau,PLW,"Current health expenditure per capita, PPP (current international $)",SH.XPD.CHEX.PP.CD,,,,,,,,,,,,,,,,,,,,,,,,,,,,,,,,,,,,,,,,,876.9335938,838.2411499,881.6570435,974.6816406,1157.906128,1170.821045,1240.688477,1345.669312,1269.182007,1342.313965,1552.610718,1570.36438,1764.391968,1844.934326,1969.977295,2045.582764,2190.388916,2164.408447,2011.517334,,
Papua New Guinea,PNG,"Current health expenditure per capita, PPP (current international $)",SH.XPD.CHEX.PP.CD,,,,,,,,,,,,,,,,,,,,,,,,,,,,,,,,,,,,,,,,,62.05337143,70.65583038,84.06775665,80.43275452,90.28814697,86.24663544,60.11678696,64.84145355,56.73019409,65.02897644,64.06519318,70.41921997,85.50789642,99.47323608,123.0979614,74.23082733,98.09698486,97.06598663,101.2778015,,
Poland,POL,"Current health expenditure per capita, PPP (current international $)",SH.XPD.CHEX.PP.CD,,,,,,,,,,,,,,,,,,,,,,,,,,,,,,,,,,,,,,,,,564.4732666,630.3508911,715.9719238,730.553833,782.7719116,806.7943115,877.8370361,985.7438355,1167.317139,1269.213867,1352.831421,1424.487915,1477.892822,1575.045532,1626.766968,1717.359253,1850.729004,1978.638062,2015.285889,,
Pre-demographic dividend,PRE,"Current health expenditure per capita, PPP (current international $)",SH.XPD.CHEX.PP.CD,,,,,,,,,,,,,,,,,,,,,,,,,,,,,,,,,,,,,,,,,63.24676867,70.36738253,69.2760972,97.3222414,110.7658698,112.6620614,118.7830879,126.6407883,130.1267966,139.4696156,133.6704703,138.141195,138.1879031,150.5854809,153.232272,163.8714003,171.4339096,178.5486917,178.5980438,,
Puerto Rico,PRI,"Current health expenditure per capita, PPP (current international $)",SH.XPD.CHEX.PP.CD,,,,,,,,,,,,,,,,,,,,,,,,,,,,,,,,,,,,,,,,,,,,,,,,,,,,,,,,,,,,,
"Korea, Dem. People's Rep.",PRK,"Current health expenditure per capita, PPP (current international $)",SH.XPD.CHEX.PP.CD,,,,,,,,,,,,,,,,,,,,,,,,,,,,,,,,,,,,,,,,,,,,,,,,,,,,,,,,,,,,,
Portugal,PRT,"Current health expenditure per capita, PPP (current international $)",SH.XPD.CHEX.PP.CD,,,,,,,,,,,,,,,,,,,,,,,,,,,,,,,,,,,,,,,,,1588.424561,1647.285278,1747.259766,1857.71167,1998.332764,2146.888672,2254.383301,2332.579102,2491.861816,2618.147461,2683.430908,2548.804688,2466.533203,2528.685059,2587.09082,2658.96582,2972.266846,3084.172852,3242.351807,,
Paraguay,PRY,"Current health expenditure per capita, PPP (current international $)",SH.XPD.CHEX.PP.CD,,,,,,,,,,,,,,,,,,,,,,,,,,,,,,,,,,,,,,,,,349.6173706,318.388916,263.7499695,282.2211914,291.8117065,291.805542,321.7403259,338.6486206,361.0062256,384.0945129,441.2987366,506.2213135,655.3206177,661.7821045,763.4602051,796.6695557,826.4069824,863.2098999,935.3289795,,
West Bank and Gaza,PSE,"Current health expenditure per capita, PPP (current international $)",SH.XPD.CHEX.PP.CD,,,,,,,,,,,,,,,,,,,,,,,,,,,,,,,,,,,,,,,,,,,,,,,,,,,,,,,,,,,,,
Pacific island small states,PSS,"Current health expenditure per capita, PPP (current international $)",SH.XPD.CHEX.PP.CD,,,,,,,,,,,,,,,,,,,,,,,,,,,,,,,,,,,,,,,,,167.2347989,163.7215346,179.1421154,175.3698739,204.3117251,231.8538849,233.5146771,234.6689499,229.7661103,241.2626845,252.4934933,235.7594576,238.9655193,250.3670023,259.4283264,265.1000834,269.4608703,273.4393237,290.4433601,,
Post-demographic dividend,PST,"Current health expenditure per capita, PPP (current international $)",SH.XPD.CHEX.PP.CD,,,,,,,,,,,,,,,,,,,,,,,,,,,,,,,,,,,,,,,,,2567.612078,2762.804015,2974.862975,3170.501287,3360.140482,3550.979941,3793.007645,4000.44257,4199.540011,4395.034775,4547.349947,4753.144749,4907.040663,5079.757574,5281.256516,5506.804933,5704.800906,5924.109634,6153.246503,,
French Polynesia,PYF,"Current health expenditure per capita, PPP (current international $)",SH.XPD.CHEX.PP.CD,,,,,,,,,,,,,,,,,,,,,,,,,,,,,,,,,,,,,,,,,,,,,,,,,,,,,,,,,,,,,
Qatar,QAT,"Current health expenditure per capita, PPP (current international $)",SH.XPD.CHEX.PP.CD,,,,,,,,,,,,,,,,,,,,,,,,,,,,,,,,,,,,,,,,,1730.843262,2039.815308,2262.347168,3227.912109,3115.336182,2511.760742,2369.548096,2158.083008,1780.231445,2341.984131,2102.689697,1984.346069,2144.626953,2543.259766,3002.017334,3927.607422,3939.55249,3391.368408,3165.85791,,
Romania,ROU,"Current health expenditure per capita, PPP (current international $)",SH.XPD.CHEX.PP.CD,,,,,,,,,,,,,,,,,,,,,,,,,,,,,,,,,,,,,,,,,246.0284576,281.5783691,326.2699585,404.6270142,490.3934937,529.2289429,583.6957398,679.3325806,838.9420776,874.9486694,976.4998169,839.3376465,891.5090942,1026.134766,1035.370117,1066.214111,1188.40332,1367.820801,1576.299316,,
Russian Federation,RUS,"Current health expenditure per capita, PPP (current international $)",SH.XPD.CHEX.PP.CD,,,,,,,,,,,,,,,,,,,,,,,,,,,,,,,,,,,,,,,,,367.5820313,413.9315491,475.8148193,512.1594238,521.5734863,603.8013916,759.710022,844.2003174,1055.657959,1168.119385,1086.583496,1156.383789,1264.697266,1323.033081,1347.134888,1286.668213,1279.665405,1389.354126,1488.317017,,
Rwanda,RWA,"Current health expenditure per capita, PPP (current international $)",SH.XPD.CHEX.PP.CD,,,,,,,,,,,,,,,,,,,,,,,,,,,,,,,,,,,,,,,,,27.19668007,26.54130554,28.07969284,63.01049805,72.92247772,82.99642944,82.52815247,93.64228058,99.66566467,106.1884689,117.012352,122.1624222,134.2362824,116.4170914,126.3448639,129.7129974,140.9375458,144.003891,169.8241882,,
South Asia,SAS,"Current health expenditure per capita, PPP (current international $)",SH.XPD.CHEX.PP.CD,,,,,,,,,,,,,,,,,,,,,,,,,,,,,,,,,,,,,,,,,83.74804789,91.15010214,94.35512847,95.09826845,102.4628134,109.438911,115.2646876,123.0426577,127.1524629,133.0640681,135.1947493,138.8143783,150.003319,178.2038131,187.1265685,200.1478919,211.6934256,229.0368518,249.0342315,,
Saudi Arabia,SAU,"Current health expenditure per capita, PPP (current international $)",SH.XPD.CHEX.PP.CD,,,,,,,,,,,,,,,,,,,,,,,,,,,,,,,,,,,,,,,,,1450.502686,1511.924072,1382.212646,1424.007324,1380.413696,1392.289551,1517.453857,1519.470581,1335.328613,1850.027466,1623.25,1799.245361,2029.593384,2285.974609,2747.363281,3232.982178,3160.477051,3760.284424,3519.907227,,
Sudan,SDN,"Current health expenditure per capita, PPP (current international $)",SH.XPD.CHEX.PP.CD,,,,,,,,,,,,,,,,,,,,,,,,,,,,,,,,,,,,,,,,,76.76875305,84.54576874,89.87957001,111.8139648,127.3868866,145.0972595,182.2933502,241.710434,227.6483002,251.1684876,208.6965027,293.7141113,226.2049103,281.6879273,237.7338715,290.8600159,325.3189392,311.7604065,293.0558167,,
Senegal,SEN,"Current health expenditure per capita, PPP (current international $)",SH.XPD.CHEX.PP.CD,,,,,,,,,,,,,,,,,,,,,,,,,,,,,,,,,,,,,,,,,68.95411682,77.77005005,81.73846436,91.92399597,101.7486038,87.67932892,91.25832367,86.18525696,92.52861023,101.4129562,108.7686005,114.87323,120.6645737,127.0358353,134.829071,140.5,142.8017426,143.3164063,146.3941956,,
Singapore,SGP,"Current health expenditure per capita, PPP (current international $)",SH.XPD.CHEX.PP.CD,,,,,,,,,,,,,,,,,,,,,,,,,,,,,,,,,,,,,,,,,1392.593628,1316.217896,1465.417603,1665.735352,1621.800049,1693.117065,1782.335449,1854.930786,2079.422119,2145.796143,2267.693115,2364.635742,2600.370117,3024.128662,3319.290527,3683.103516,3992.280762,4193.912109,4439.281738,,
Solomon Islands,SLB,"Current health expenditure per capita, PPP (current international $)",SH.XPD.CHEX.PP.CD,,,,,,,,,,,,,,,,,,,,,,,,,,,,,,,,,,,,,,,,,66.84951782,88.80901337,129.8806915,100.3647766,115.160408,155.0019836,151.4746094,148.8244476,120.2211685,149.5910339,189.4050293,138.4506836,118.9821167,117.5730057,126.9307098,116.1168823,113.5285111,110.6156921,107.6302795,,
Sierra Leone,SLE,"Current health expenditure per capita, PPP (current international $)",SH.XPD.CHEX.PP.CD,,,,,,,,,,,,,,,,,,,,,,,,,,,,,,,,,,,,,,,,,121.5332184,73.24198914,93.72603607,94.4719162,100.1826019,104.6401978,102.4712296,106.8370819,110.2977371,126.0414734,129.4962616,166.7357788,152.5971222,200.2367554,355.8566895,291.4112549,258.142273,255.2999115,257.3265381,,
El Salvador,SLV,"Current health expenditure per capita, PPP (current international $)",SH.XPD.CHEX.PP.CD,,,,,,,,,,,,,,,,,,,,,,,,,,,,,,,,,,,,,,,,,398.5834656,403.6300049,411.8464356,405.8233948,422.930542,442.6340637,444.8701172,446.6384583,466.6694641,502.3225403,506.7292175,528.7858887,510.6850891,541.4214478,555.8443604,568.7221069,593.1479492,576.2373047,592.3414307,,
San Marino,SMR,"Current health expenditure per capita, PPP (current international $)",SH.XPD.CHEX.PP.CD,,,,,,,,,,,,,,,,,,,,,,,,,,,,,,,,,,,,,,,,,2840.979492,2994.233887,2797.791992,2596.633545,2687.773438,2776.266357,3081.799561,3329.728516,3701.722656,3869.118896,3763.288574,3863.5,3926.1521,3849.022461,3753.849854,3514.302734,3878.53833,4262.755859,4340.041992,,
Somalia,SOM,"Current health expenditure per capita, PPP (current international $)",SH.XPD.CHEX.PP.CD,,,,,,,,,,,,,,,,,,,,,,,,,,,,,,,,,,,,,,,,,,,,,,,,,,,,,,,,,,,,,
Serbia,SRB,"Current health expenditure per capita, PPP (current international $)",SH.XPD.CHEX.PP.CD,,,,,,,,,,,,,,,,,,,,,,,,,,,,,,,,,,,,,,,,,371.8439026,421.3085938,548.1229248,584.7440796,664.357544,759.034668,864.6361084,1050.258667,1195.352783,1169.433838,1216.696655,1249.852783,1296.612793,1359.010864,1352.35022,1312.510864,1319.527832,1348.959229,1484.648926,,
Sub-Saharan Africa (excluding high income),SSA,"Current health expenditure per capita, PPP (current international $)",SH.XPD.CHEX.PP.CD,,,,,,,,,,,,,,,,,,,,,,,,,,,,,,,,,,,,,,,,,100.1344767,107.816495,104.6030447,126.0459191,132.756587,140.4462102,146.6619723,153.8663149,157.8373828,165.8314515,168.0793215,175.3147914,177.2308208,185.5806359,190.1084895,199.5481406,199.871629,201.0417649,205.272671,,
South Sudan,SSD,"Current health expenditure per capita, PPP (current international $)",SH.XPD.CHEX.PP.CD,,,,,,,,,,,,,,,,,,,,,,,,,,,,,,,,,,,,,,,,,,,,,,,,,,,,,,,,,,147.8605957,113.7792282,,
Sub-Saharan Africa,SSF,"Current health expenditure per capita, PPP (current international $)",SH.XPD.CHEX.PP.CD,,,,,,,,,,,,,,,,,,,,,,,,,,,,,,,,,,,,,,,,,100.2079317,107.8996348,104.6725601,126.1185348,132.821996,140.5141751,146.7329097,153.9336435,157.9013857,165.8904331,168.1618608,175.3960274,177.3376361,185.6661604,190.20378,199.644209,199.9872105,201.156557,205.3949488,,
Small states,SST,"Current health expenditure per capita, PPP (current international $)",SH.XPD.CHEX.PP.CD,,,,,,,,,,,,,,,,,,,,,,,,,,,,,,,,,,,,,,,,,461.3353048,481.275724,526.0072565,559.4524176,590.10711,593.8251879,622.9627269,679.8918781,709.7582373,785.0053718,770.5238661,768.7471284,802.4755493,876.9554545,935.1425111,1069.78249,1099.425275,1089.865923,1093.934781,,
Sao Tome and Principe,STP,"Current health expenditure per capita, PPP (current international $)",SH.XPD.CHEX.PP.CD,,,,,,,,,,,,,,,,,,,,,,,,,,,,,,,,,,,,,,,,,163.9617615,173.7717438,174.7967224,220.04216,216.0831451,225.8922577,177.8697357,180.9100952,168.7506409,171.4122315,171.6263886,176.4686279,174.1689758,223.290329,201.6818848,164.6975403,204.838974,213.723053,213.9235382,,
Suriname,SUR,"Current health expenditure per capita, PPP (current international $)",SH.XPD.CHEX.PP.CD,,,,,,,,,,,,,,,,,,,,,,,,,,,,,,,,,,,,,,,,,655.9542236,438.7341309,607.6179199,601.229187,734.3925171,743.9733276,718.1651611,683.1647339,651.8378906,701.4507446,696.2819824,698.2098389,702.0652466,761.6497192,775.4799194,962.3057861,918.178833,934.6161499,1179.640869,,
Slovak Republic,SVK,"Current health expenditure per capita, PPP (current international $)",SH.XPD.CHEX.PP.CD,,,,,,,,,,,,,,,,,,,,,,,,,,,,,,,,,,,,,,,,,602.3656616,660.6517334,733.1546631,771.5979614,969.3999023,1096.344727,1294.22522,1522.030884,1651.425293,1837.530396,1949.165771,1918.635986,2035.447876,2101.071777,1999.391724,2033.766602,2110.421387,2093.570313,2179.542236,,
Slovenia,SVN,"Current health expenditure per capita, PPP (current international $)",SH.XPD.CHEX.PP.CD,,,,,,,,,,,,,,,,,,,,,,,,,,,,,,,,,,,,,,,,,1405.848511,1494.463623,1624.022339,1708.56311,1806.00061,1910.00293,2013.598022,2076.872559,2338.09668,2360.882324,2385.060547,2472.896729,2533.1604,2621.224121,2625.701904,2689.420166,2815.522217,2960.593262,3158.38501,,
Sweden,SWE,"Current health expenditure per capita, PPP (current international $)",SH.XPD.CHEX.PP.CD,,,,,,,,,,,,,,,,,,,,,,,,,,,,,,,,,,,,,,,,,2173.018555,2368.418945,2542.595215,2647.450684,2754.247314,2795.519287,3044.113525,3277.716064,3473.594238,3550.621094,3529.963379,4665.499023,4896.181641,5073.265625,5193.259277,5331.356934,5395.965332,5635.541992,5828.409668,,
Eswatini,SWZ,"Current health expenditure per capita, PPP (current international $)",SH.XPD.CHEX.PP.CD,,,,,,,,,,,,,,,,,,,,,,,,,,,,,,,,,,,,,,,,,226.120636,258.2344055,292.7102051,356.3757019,403.775177,475.7286072,548.1906128,591.9910889,674.9373779,668.3878784,693.6122437,709.0028076,698.4103394,698.925293,694.1749268,690.0710449,674.5206299,708.291626,695.6983643,,
Sint Maarten (Dutch part),SXM,"Current health expenditure per capita, PPP (current international $)",SH.XPD.CHEX.PP.CD,,,,,,,,,,,,,,,,,,,,,,,,,,,,,,,,,,,,,,,,,,,,,,,,,,,,,,,,,,,,,
Seychelles,SYC,"Current health expenditure per capita, PPP (current international $)",SH.XPD.CHEX.PP.CD,,,,,,,,,,,,,,,,,,,,,,,,,,,,,,,,,,,,,,,,,678.1104126,778.8543091,663.3325806,732.1776123,695.5395508,738.303833,774.4822998,762.9591675,739.6252441,714.62854,947.2914429,984.3568726,1259.737671,1059.966431,1175.753296,1198.030518,1417.632202,1441.359375,1548.974976,,
Syrian Arab Republic,SYR,"Current health expenditure per capita, PPP (current international $)",SH.XPD.CHEX.PP.CD,,,,,,,,,,,,,,,,,,,,,,,,,,,,,,,,,,,,,,,,,144.8544006,152.7845917,172.0087128,186.233078,174.9941406,170.983551,166.1916809,168.9396515,158.345993,172.1366882,166.7385101,182.9956818,159.5784302,,,,,,,,
Turks and Caicos Islands,TCA,"Current health expenditure per capita, PPP (current international $)",SH.XPD.CHEX.PP.CD,,,,,,,,,,,,,,,,,,,,,,,,,,,,,,,,,,,,,,,,,,,,,,,,,,,,,,,,,,,,,
Chad,TCD,"Current health expenditure per capita, PPP (current international $)",SH.XPD.CHEX.PP.CD,,,,,,,,,,,,,,,,,,,,,,,,,,,,,,,,,,,,,,,,,48.73456573,51.93267059,75.61090851,64.4280777,85.00637054,77.39698792,77.85208893,71.30908203,67.69852448,75.25681305,76.32644653,72.53703308,76.88246155,84.34866333,93.51703644,99.15447235,99.77900696,85.68202972,79.01350403,,
East Asia & Pacific (IDA & IBRD countries),TEA,"Current health expenditure per capita, PPP (current international $)",SH.XPD.CHEX.PP.CD,,,,,,,,,,,,,,,,,,,,,,,,,,,,,,,,,,,,,,,,,125.7171233,133.0143807,146.5026866,165.1666017,178.8800785,201.6727321,220.645014,241.2549123,273.3254292,322.494441,345.9969117,388.6018951,443.8939137,496.6437809,546.0088352,599.2595076,645.1521221,704.0384377,777.9593874,,
Europe & Central Asia (IDA & IBRD countries),TEC,"Current health expenditure per capita, PPP (current international $)",SH.XPD.CHEX.PP.CD,,,,,,,,,,,,,,,,,,,,,,,,,,,,,,,,,,,,,,,,,343.930552,378.7819756,423.9092467,458.8040256,493.2563069,547.368942,640.521426,705.0482533,820.9123169,879.3643605,871.9827884,908.4203466,971.1196552,1018.873912,1048.323041,1050.823331,1086.740016,1153.424353,1210.538996,,
Togo,TGO,"Current health expenditure per capita, PPP (current international $)",SH.XPD.CHEX.PP.CD,,,,,,,,,,,,,,,,,,,,,,,,,,,,,,,,,,,,,,,,,32.53820038,32.9053154,32.51576996,34.4084053,37.08110428,40.51865005,44.32152939,48.31116867,49.91477203,57.72820663,71.77907562,77.13526154,83.53093719,90.06958008,95.65834808,97.92745209,107.2450867,101.4862747,109.3596649,,
Thailand,THA,"Current health expenditure per capita, PPP (current international $)",SH.XPD.CHEX.PP.CD,,,,,,,,,,,,,,,,,,,,,,,,,,,,,,,,,,,,,,,,,226.788681,231.7863312,273.1304627,287.8526001,302.0153809,324.512146,342.2023315,379.486908,424.1654053,441.8554382,447.9442749,483.0527649,518.8284912,528.9727173,578.2546387,597.6321411,638.3070068,686.5927124,722.6968384,,
Tajikistan,TJK,"Current health expenditure per capita, PPP (current international $)",SH.XPD.CHEX.PP.CD,,,,,,,,,,,,,,,,,,,,,,,,,,,,,,,,,,,,,,,,,40.68110275,46.60860443,50.57006073,59.99497604,68.08810425,79.82691193,82.89958191,99.47301483,113.9677506,116.3000488,120.120697,131.5874939,143.8437042,168.879715,184.2027435,196.9505615,210.5530701,232.1232452,249.7461395,,
Turkmenistan,TKM,"Current health expenditure per capita, PPP (current international $)",SH.XPD.CHEX.PP.CD,,,,,,,,,,,,,,,,,,,,,,,,,,,,,,,,,,,,,,,,,292.4674072,364.8790894,317.0297852,400.2712097,530.8882446,552.9535523,550.2190552,389.5957642,501.8858948,430.9714966,486.594696,549.0203247,595.555481,706.9945679,832.612793,1008.397217,1118.670288,1250.317871,1275.115845,,
Latin America & the Caribbean (IDA & IBRD countries),TLA,"Current health expenditure per capita, PPP (current international $)",SH.XPD.CHEX.PP.CD,,,,,,,,,,,,,,,,,,,,,,,,,,,,,,,,,,,,,,,,,590.5104251,622.3325405,625.5013209,636.9133493,675.8318223,711.5614254,788.7196938,850.7495226,884.3529524,937.9303494,963.5438377,1010.523771,1050.976891,1098.964389,1140.33596,1183.369235,1161.765293,1230.699464,1228.162093,,
Timor-Leste,TLS,"Current health expenditure per capita, PPP (current international $)",SH.XPD.CHEX.PP.CD,,,,,,,,,,,,,,,,,,,,,,,,,,,,,,,,,,,,,,,,,,,,66.06690216,73.75608826,77.90631866,84.85858154,93.40526581,99.24705505,149.1541596,125.890625,124.3615341,126.298996,194.7246552,186.0508728,323.3837585,371.5031128,321.5744934,352.5122986,,
Middle East & North Africa (IDA & IBRD countries),TMN,"Current health expenditure per capita, PPP (current international $)",SH.XPD.CHEX.PP.CD,,,,,,,,,,,,,,,,,,,,,,,,,,,,,,,,,,,,,,,,,336.8701866,374.2184563,382.9899487,391.8872082,416.6416249,430.6728556,453.2594929,486.1200124,514.5256713,602.6558429,617.530168,625.81416,631.5004739,651.1654346,715.0238251,769.7581676,932.5752158,977.6869846,947.9306378,,
Tonga,TON,"Current health expenditure per capita, PPP (current international $)",SH.XPD.CHEX.PP.CD,,,,,,,,,,,,,,,,,,,,,,,,,,,,,,,,,,,,,,,,,110.9558945,136.5089722,149.799469,148.4313202,197.7730866,198.8235626,248.5553589,211.471344,279.0880737,187.9430389,241.9797516,202.0386505,266.8582459,224.9118958,291.948822,274.9371033,330.5689697,348.1705933,355.3311157,,
South Asia (IDA & IBRD),TSA,"Current health expenditure per capita, PPP (current international $)",SH.XPD.CHEX.PP.CD,,,,,,,,,,,,,,,,,,,,,,,,,,,,,,,,,,,,,,,,,83.74804789,91.15010214,94.35512847,95.09826845,102.4628134,109.438911,115.2646876,123.0426577,127.1524629,133.0640681,135.1947493,138.8143783,150.003319,178.2038131,187.1265685,200.1478919,211.6934256,229.0368518,249.0342315,,
Sub-Saharan Africa (IDA & IBRD countries),TSS,"Current health expenditure per capita, PPP (current international $)",SH.XPD.CHEX.PP.CD,,,,,,,,,,,,,,,,,,,,,,,,,,,,,,,,,,,,,,,,,100.2079317,107.8996348,104.6725601,126.1185348,132.821996,140.5141751,146.7329097,153.9336435,157.9013857,165.8904331,168.1618608,175.3960274,177.3376361,185.6661604,190.20378,199.644209,199.9872105,201.156557,205.3949488,,
Trinidad and Tobago,TTO,"Current health expenditure per capita, PPP (current international $)",SH.XPD.CHEX.PP.CD,,,,,,,,,,,,,,,,,,,,,,,,,,,,,,,,,,,,,,,,,628.5476074,634.0626221,810.3903198,832.1716919,944.5949707,1056.834106,1150.360718,1232.900391,1136.807007,1645.119141,1581.194946,1483.389771,1549.491577,1651.359009,1713.31311,2039.99585,2172.005371,2186.641846,2099.59668,,
Tunisia,TUN,"Current health expenditure per capita, PPP (current international $)",SH.XPD.CHEX.PP.CD,,,,,,,,,,,,,,,,,,,,,,,,,,,,,,,,,,,,,,,,,303.9710388,322.8382263,347.2411804,373.9214783,404.0249939,423.1459351,453.2703857,496.0247803,520.4157715,559.576416,601.7761231,652.1497803,703.0870972,756.4857788,780.1571045,812.3856201,821.7111206,874.3416138,912.2542725,,
Turkey,TUR,"Current health expenditure per capita, PPP (current international $)",SH.XPD.CHEX.PP.CD,,,,,,,,,,,,,,,,,,,,,,,,,,,,,,,,,,,,,,,,,442.9502564,453.7939453,475.9164429,485.8421326,538.5767212,587.4558716,706.7485352,784.1567993,844.3400879,857.1896973,880.6413574,921.2630615,923.2225342,980.7960205,1041.945801,1060.526123,1135.843872,1176.020508,1170.779907,,
Tuvalu,TUV,"Current health expenditure per capita, PPP (current international $)",SH.XPD.CHEX.PP.CD,,,,,,,,,,,,,,,,,,,,,,,,,,,,,,,,,,,,,,,,,596.156189,488.5359192,366.589447,403.7367249,274.670044,285.8068237,352.637146,322.6285095,337.5339356,434.3071594,484.0609131,495.6594238,468.0531311,591.0674439,554.6434326,601.3115234,627.295166,692.0498657,757.8027954,,
Tanzania,TZA,"Current health expenditure per capita, PPP (current international $)",SH.XPD.CHEX.PP.CD,,,,,,,,,,,,,,,,,,,,,,,,,,,,,,,,,,,,,,,,,38.20736694,50.2368927,58.84394455,70.99468231,82.17776489,97.5090332,135.6040192,129.1725769,108.6562882,102.3513718,110.1822891,113.3973236,117.3335495,114.5718384,104.4803391,98.89268494,112.5992355,109.0907364,112.4563675,,
Uganda,UGA,"Current health expenditure per capita, PPP (current international $)",SH.XPD.CHEX.PP.CD,,,,,,,,,,,,,,,,,,,,,,,,,,,,,,,,,,,,,,,,,67.39135742,76.03631592,89.26525116,91.35964966,106.1854858,135.981308,159.8762207,171.8657074,181.5621033,157.1823578,175.4883423,170.3123322,141.0411377,132.9488068,133.4010162,132.2762604,131.4189453,132.2861939,139.3338318,,
Ukraine,UKR,"Current health expenditure per capita, PPP (current international $)",SH.XPD.CHEX.PP.CD,,,,,,,,,,,,,,,,,,,,,,,,,,,,,,,,,,,,,,,,,210.9692535,247.1042023,279.6534729,343.8048401,375.3729858,412.9771729,466.111145,487.170929,467.6125794,480.9315186,523.017273,565.5736084,605.4719238,602.991394,596.9685669,591.2826538,596.9384766,616.9468994,682.5095215,,
Upper middle income,UMC,"Current health expenditure per capita, PPP (current international $)",SH.XPD.CHEX.PP.CD,,,,,,,,,,,,,,,,,,,,,,,,,,,,,,,,,,,,,,,,,275.8468492,291.7133307,312.8026271,332.301116,358.1850549,389.6300242,432.1383561,472.7838429,529.2117832,591.1164122,611.1007467,658.2642949,719.5683946,780.7358861,835.5442117,889.8873284,922.0293628,996.5342745,1065.49938,,
Uruguay,URY,"Current health expenditure per capita, PPP (current international $)",SH.XPD.CHEX.PP.CD,,,,,,,,,,,,,,,,,,,,,,,,,,,,,,,,,,,,,,,,,1025.611816,1070.269897,990.9603882,1011.505188,942.0825195,975.319397,1043.003906,1102.228149,1302.535034,1334.837646,1444.54126,1553.786011,1659.133179,1772.306519,1847.819824,1918.836548,2056.427002,2163.464111,2169.2854,,
United States,USA,"Current health expenditure per capita, PPP (current international $)",SH.XPD.CHEX.PP.CD,,,,,,,,,,,,,,,,,,,,,,,,,,,,,,,,,,,,,,,,,4564.455078,4914.94043,5332.493164,5741.299316,6103.584473,6454.683105,6821.107422,7172.166016,7410.700684,7681.247559,7930.151367,8130.756348,8399.239258,8599.527344,9023.611328,9491.09082,9877.871094,10209.63086,10623.84961,,
Uzbekistan,UZB,"Current health expenditure per capita, PPP (current international $)",SH.XPD.CHEX.PP.CD,,,,,,,,,,,,,,,,,,,,,,,,,,,,,,,,,,,,,,,,,158.9924927,170.9258575,174.9689636,185.0417633,188.2336273,202.3760986,215.6894989,232.3755798,255.1740112,285.9353027,267.8226624,285.9160767,326.6103821,365.798523,324.3595581,369.8477173,388.555481,415.9486389,459.4224548,,
St. Vincent and the Grenadines,VCT,"Current health expenditure per capita, PPP (current international $)",SH.XPD.CHEX.PP.CD,,,,,,,,,,,,,,,,,,,,,,,,,,,,,,,,,,,,,,,,,258.5291138,268.7154541,290.0829163,308.4379273,320.7003479,335.4333496,354.8551025,389.9909058,415.3118591,434.4916077,446.3059998,445.0609741,482.2236939,486.1022644,476.6914673,456.811676,477.598053,507.4488525,549.6097412,,
"Venezuela, RB",VEN,"Current health expenditure per capita, PPP (current international $)",SH.XPD.CHEX.PP.CD,,,,,,,,,,,,,,,,,,,,,,,,,,,,,,,,,,,,,,,,,848.1269531,942.3526611,841.8922119,756.7988892,816.6940308,816.6426392,1217.697754,1287.564941,1122.006348,1270.332397,1130.227051,1243.048584,1181.999756,1041.105591,1043.537109,990.7102051,754.3465576,783.4632568,383.5085449,,
British Virgin Islands,VGB,"Current health expenditure per capita, PPP (current international $)",SH.XPD.CHEX.PP.CD,,,,,,,,,,,,,,,,,,,,,,,,,,,,,,,,,,,,,,,,,,,,,,,,,,,,,,,,,,,,,
Virgin Islands (U.S.),VIR,"Current health expenditure per capita, PPP (current international $)",SH.XPD.CHEX.PP.CD,,,,,,,,,,,,,,,,,,,,,,,,,,,,,,,,,,,,,,,,,,,,,,,,,,,,,,,,,,,,,
Vietnam,VNM,"Current health expenditure per capita, PPP (current international $)",SH.XPD.CHEX.PP.CD,,,,,,,,,,,,,,,,,,,,,,,,,,,,,,,,,,,,,,,,,99.33068848,126.0195084,107.5459366,118.1527176,145.9650879,155.5253754,179.6689758,198.3642731,199.4270477,215.6690064,259.1221619,273.858429,310.7287293,332.8062439,324.6486511,338.5783386,360.2174988,406.3420105,440.1665039,,
Vanuatu,VUT,"Current health expenditure per capita, PPP (current international $)",SH.XPD.CHEX.PP.CD,,,,,,,,,,,,,,,,,,,,,,,,,,,,,,,,,,,,,,,,,74.44690704,73.53000641,79.56896973,74.00280762,77.74532318,76.88131714,84.29180145,81.60619354,86.51495361,91.05703735,97.49890137,101.6566696,110.3529587,122.8177261,103.6057053,122.8597488,85.71327209,86.2400589,108.6727905,,
World,WLD,"Current health expenditure per capita, PPP (current international $)",SH.XPD.CHEX.PP.CD,,,,,,,,,,,,,,,,,,,,,,,,,,,,,,,,,,,,,,,,,599.6672373,641.0980825,678.8380913,717.6019831,757.9059739,800.9960784,857.7359522,906.8499263,956.5409322,1015.493977,1040.7181,1087.444979,1132.919278,1187.680819,1239.939379,1296.785182,1345.461798,1405.843147,1459.318711,,
Samoa,WSM,"Current health expenditure per capita, PPP (current international $)",SH.XPD.CHEX.PP.CD,,,,,,,,,,,,,,,,,,,,,,,,,,,,,,,,,,,,,,,,,147.5020599,145.4575348,181.2426148,178.3132782,203.4953613,234.8759155,249.2930908,267.1901856,269.132843,300.5762329,283.7108765,307.5757141,278.4841309,355.1539917,368.2351379,337.513855,343.6221008,361.7209168,355.1840515,,
Kosovo,XKX,"Current health expenditure per capita, PPP (current international $)",SH.XPD.CHEX.PP.CD,,,,,,,,,,,,,,,,,,,,,,,,,,,,,,,,,,,,,,,,,,,,,,,,,,,,,,,,,,,,,
"Yemen, Rep.",YEM,"Current health expenditure per capita, PPP (current international $)",SH.XPD.CHEX.PP.CD,,,,,,,,,,,,,,,,,,,,,,,,,,,,,,,,,,,,,,,,,148.1979218,162.0230408,162.5040283,198.7909088,197.5263977,197.3835297,216.5065613,235.0811005,239.0363922,252.70224,230.7626648,184.8815002,204.4687805,202.644165,195.8752136,140.5926209,,,,,
South Africa,ZAF,"Current health expenditure per capita, PPP (current international $)",SH.XPD.CHEX.PP.CD,,,,,,,,,,,,,,,,,,,,,,,,,,,,,,,,,,,,,,,,,574.1134644,595.6593628,572.3411255,595.5465698,622.3187866,656.906311,693.2452393,722.8966065,763.7495117,812.201416,869.6847534,913.1186523,968.1799316,989.5363159,1038.12854,1081.309692,1067.602905,1090.085693,1129.383911,,
Zambia,ZMB,"Current health expenditure per capita, PPP (current international $)",SH.XPD.CHEX.PP.CD,,,,,,,,,,,,,,,,,,,,,,,,,,,,,,,,,,,,,,,,,121.0157394,116.2405701,124.6870422,140.1000366,147.147934,154.3181915,142.9911499,114.7915268,113.1269989,133.5571747,121.6134491,118.3132858,142.8641815,176.6402741,149.0936279,174.2001648,178.9994812,179.8637085,208.4444122,,
Zimbabwe,ZWE,"Current health expenditure per capita, PPP (current international $)",SH.XPD.CHEX.PP.CD,,,,,,,,,,,,,,,,,,,,,,,,,,,,,,,,,,,,,,,,,,,,,,,,,,,197.848877,175.2218628,175.349823,183.724762,215.4268799,199.6828919,208.0955658,198.8124237,198.016861,,
