HDI Rank,Country,1990,,1991,,1992,,1993,,1994,,1995,,1996,,1997,,1998,,1999,,2000,,2001,,2002,,2003,,2004,,2005,,2006,,2007,,2008,,2009,,2010,,2011,,2012,,2013,,2014,,2015,,2016,,2017,,2018,,2019
169, Afghanistan,0.485,,0.457,,0.446,,0.39,,0.34,,0.393,,0.378,,0.366,,0.356,,0.346,,0.333,,0.318,,0.386,,0.391,,0.389,,0.398,,0.407,,0.439,,0.425,,0.445,,0.446,,0.454,,0.464,,0.469,,0.468,,0.462,,0.462,,0.469,,0.468,,0.469
69, Albania,0.589,,0.537,,0.524,,0.545,,0.561,,0.584,,0.598,,0.581,,0.594,,0.611,,0.622,,0.634,,0.64,,0.649,,0.657,,0.666,,0.677,,0.687,,0.696,,0.699,,0.707,,0.713,,0.715,,0.721,,0.723,,0.727,,0.732,,0.736,,0.743,,0.746
91, Algeria,0.673,,0.666,,0.665,,0.659,,0.653,,0.654,,0.655,,0.655,,0.661,,0.662,,0.664,,0.671,,0.675,,0.684,,0.687,,0.691,,0.693,,0.701,,0.704,,0.704,,0.708,,0.707,,0.707,,0.708,,0.71,,0.712,,0.717,,0.715,,0.714,,0.712
36, Andorra,0.924,,0.922,,0.918,,0.911,,0.91,,0.912,,0.917,,0.93,,0.936,,0.941,,0.941,,0.943,,0.946,,0.957,,0.962,,0.968,,0.97,,0.967,,0.952,,0.945,,0.937,,0.931,,0.931,,0.934,,0.94,,0.944,,0.948,,0.951,,0.954,,0.956
148, Angola,0.586,,0.602,,0.457,,0.454,,0.414,,0.533,,0.531,,0.556,,0.553,,0.537,,0.544,,0.553,,0.58,,0.58,,0.588,,0.602,,0.609,,0.627,,0.63,,0.641,,0.64,,0.639,,0.648,,0.652,,0.656,,0.655,,0.646,,0.639,,0.627,,0.621
78, Antigua and Barbuda,0.738,,0.744,,0.745,,0.752,,0.758,,0.748,,0.755,,0.761,,0.766,,0.768,,0.771,,0.764,,0.76,,0.768,,0.774,,0.783,,0.799,,0.81,,0.806,,0.785,,0.774,,0.769,,0.772,,0.771,,0.776,,0.78,,0.785,,0.792,,0.801,,0.807
46, Argentina,0.742,,0.755,,0.766,,0.777,,0.783,,0.777,,0.783,,0.792,,0.796,,0.789,,0.786,,0.777,,0.754,,0.767,,0.767,,0.778,,0.801,,0.814,,0.818,,0.807,,0.82,,0.828,,0.825,,0.827,,0.822,,0.824,,0.819,,0.821,,0.814,,0.809
81, Armenia,0.597,,0.579,,0.5,,0.489,,0.5,,0.519,,0.53,,0.541,,0.549,,0.554,,0.564,,0.578,,0.599,,0.619,,0.636,,0.657,,0.678,,0.7,,0.712,,0.687,,0.692,,0.697,,0.708,,0.715,,0.717,,0.72,,0.718,,0.73,,0.734,,0.745
8, Australia,0.863,,0.86,,0.859,,0.865,,0.87,,0.872,,0.876,,0.88,,0.886,,0.892,,0.896,,0.897,,0.901,,0.903,,0.908,,0.909,,0.911,,0.914,,0.917,,0.918,,0.918,,0.919,,0.924,,0.926,,0.927,,0.93,,0.931,,0.931,,0.933,,0.933
18, Austria,0.897,,0.9,,0.901,,0.901,,0.904,,0.907,,0.911,,0.913,,0.918,,0.921,,0.927,,0.928,,0.931,,0.932,,0.935,,0.937,,0.942,,0.947,,0.95,,0.943,,0.946,,0.949,,0.949,,0.949,,0.948,,0.947,,0.949,,0.951,,0.955,,0.956
88, Azerbaijan,0.656,,0.652,,0.611,,0.57,,0.535,,0.513,,0.514,,0.521,,0.535,,0.55,,0.556,,0.567,,0.579,,0.591,,0.599,,0.626,,0.668,,0.696,,0.717,,0.734,,0.741,,0.735,,0.739,,0.746,,0.752,,0.751,,0.74,,0.741,,0.742,,0.744
58, Bahamas,0.893,,0.883,,0.879,,0.874,,0.876,,0.902,,0.917,,0.888,,0.892,,0.903,,0.906,,0.907,,0.909,,0.905,,0.904,,0.906,,0.906,,0.905,,0.902,,0.891,,0.891,,0.89,,0.894,,0.889,,0.883,,0.883,,0.882,,0.882,,0.878,,0.879
42, Bahrain,0.908,,0.907,,0.923,,0.931,,0.923,,0.926,,0.928,,0.923,,0.927,,0.928,,0.933,,0.928,,0.924,,0.925,,0.926,,0.927,,0.926,,0.927,,0.921,,0.906,,0.906,,0.896,,0.917,,0.923,,0.925,,0.925,,0.924,,0.923,,0.918,,0.914
133, Bangladesh,0.414,,0.416,,0.421,,0.425,,0.428,,0.433,,0.435,,0.439,,0.443,,0.448,,0.453,,0.457,,0.461,,0.466,,0.472,,0.479,,0.489,,0.498,,0.507,,0.513,,0.52,,0.527,,0.535,,0.542,,0.547,,0.555,,0.563,,0.57,,0.58,,0.59
58, Barbados,0.745,,0.739,,0.728,,0.727,,0.732,,0.734,,0.739,,0.746,,0.741,,0.741,,0.756,,0.751,,0.751,,0.755,,0.756,,0.761,,0.766,,0.771,,0.77,,0.76,,0.759,,0.751,,0.754,,0.751,,0.751,,0.754,,0.757,,0.758,,0.757,,0.756
53, Belarus,0.678,,0.676,,0.66,,0.648,,0.629,,0.613,,0.618,,0.634,,0.647,,0.653,,0.662,,0.67,,0.679,,0.69,,0.708,,0.722,,0.737,,0.75,,0.765,,0.765,,0.776,,0.783,,0.786,,0.785,,0.788,,0.78,,0.776,,0.781,,0.786,,0.789
14, Belgium,0.888,,0.891,,0.892,,0.892,,0.897,,0.9,,0.902,,0.907,,0.91,,0.915,,0.92,,0.92,,0.922,,0.923,,0.927,,0.929,,0.933,,0.937,,0.938,,0.933,,0.935,,0.934,,0.937,,0.937,,0.938,,0.939,,0.94,,0.943,,0.944,,0.945
110, Belize,0.581,,0.594,,0.608,,0.614,,0.609,,0.607,,0.604,,0.605,,0.603,,0.609,,0.62,,0.621,,0.624,,0.631,,0.631,,0.631,,0.635,,0.628,,0.63,,0.635,,0.631,,0.635,,0.634,,0.632,,0.633,,0.638,,0.634,,0.631,,0.629,,0.628
158, Benin,0.462,,0.464,,0.46,,0.466,,0.463,,0.468,,0.469,,0.474,,0.477,,0.48,,0.484,,0.488,,0.489,,0.49,,0.492,,0.491,,0.492,,0.496,,0.5,,0.499,,0.497,,0.498,,0.5,,0.507,,0.512,,0.51,,0.51,,0.514,,0.52,,0.526
129, Bhutan,0.487,,0.482,,0.483,,0.488,,0.502,,0.503,,0.513,,0.523,,0.515,,0.525,,0.559,,0.568,,0.579,,0.586,,0.592,,0.602,,0.612,,0.634,,0.637,,0.644,,0.657,,0.665,,0.669,,0.671,,0.678,,0.686,,0.693,,0.698,,0.701,,0.707
107, Bolivia (Plurinational State of),0.57,,0.576,,0.577,,0.58,,0.584,,0.588,,0.592,,0.596,,0.602,,0.599,,0.599,,0.599,,0.6,,0.599,,0.601,,0.606,,0.611,,0.615,,0.622,,0.623,,0.626,,0.63,,0.633,,0.64,,0.648,,0.657,,0.663,,0.665,,0.67,,0.672
73, Bosnia and Herzegovina,0.435,,0.423,,0.418,,0.42,,0.441,,0.474,,0.551,,0.602,,0.662,,0.67,,0.671,,0.672,,0.677,,0.681,,0.689,,0.694,,0.7,,0.709,,0.718,,0.714,,0.713,,0.715,,0.717,,0.724,,0.727,,0.734,,0.74,,0.744,,0.75,,0.756
100, Botswana,0.677,,0.69,,0.692,,0.696,,0.682,,0.694,,0.692,,0.705,,0.709,,0.71,,0.707,,0.71,,0.701,,0.711,,0.71,,0.717,,0.727,,0.737,,0.744,,0.735,,0.741,,0.752,,0.758,,0.768,,0.774,,0.769,,0.763,,0.766,,0.77,,0.771
84, Brazil,0.699,,0.699,,0.697,,0.7,,0.704,,0.711,,0.71,,0.712,,0.708,,0.706,,0.714,,0.713,,0.716,,0.716,,0.723,,0.726,,0.731,,0.739,,0.744,,0.743,,0.751,,0.756,,0.758,,0.763,,0.761,,0.755,,0.748,,0.749,,0.748,,0.749
47, Brunei Darussalam,0.993,,0.993,,0.996,,0.992,,0.993,,0.995,,0.996,,0.99,,0.986,,0.987,,0.988,,0.989,,0.992,,0.993,,0.991,,0.99,,0.994,,0.993,,0.988,,0.984,,0.984,,0.984,,0.984,,0.981,,0.977,,0.982,,0.978,,0.978,,0.969,,0.976
56, Bulgaria,0.713,,0.699,,0.7,,0.699,,0.702,,0.706,,0.713,,0.692,,0.701,,0.689,,0.695,,0.708,,0.722,,0.73,,0.74,,0.751,,0.758,,0.761,,0.775,,0.773,,0.776,,0.779,,0.783,,0.783,,0.789,,0.793,,0.799,,0.807,,0.818,,0.824
182, Burkina Faso,0.351,,0.36,,0.356,,0.357,,0.355,,0.359,,0.372,,0.376,,0.383,,0.388,,0.387,,0.392,,0.394,,0.401,,0.403,,0.411,,0.417,,0.419,,0.423,,0.421,,0.426,,0.43,,0.437,,0.441,,0.44,,0.441,,0.442,,0.451,,0.458,,0.462
185, Burundi,0.366,,0.371,,0.37,,0.357,,0.349,,0.336,,0.32,,0.319,,0.326,,0.321,,0.322,,0.317,,0.319,,0.312,,0.313,,0.311,,0.316,,0.316,,0.319,,0.319,,0.322,,0.323,,0.325,,0.328,,0.329,,0.319,,0.313,,0.309,,0.307,,0.305
126, Cabo Verde,0.506,,0.504,,0.504,,0.51,,0.516,,0.522,,0.528,,0.536,,0.544,,0.558,,0.564,,0.573,,0.576,,0.581,,0.585,,0.59,,0.602,,0.616,,0.623,,0.619,,0.617,,0.621,,0.621,,0.621,,0.618,,0.619,,0.625,,0.629,,0.635,,0.642
144, Cambodia,0.349,,0.354,,0.359,,0.362,,0.363,,0.372,,0.375,,0.378,,0.38,,0.393,,0.403,,0.412,,0.417,,0.428,,0.44,,0.455,,0.469,,0.482,,0.489,,0.486,,0.492,,0.5,,0.507,,0.517,,0.523,,0.53,,0.537,,0.545,,0.552,,0.566
153, Cameroon,0.519,,0.505,,0.498,,0.481,,0.479,,0.48,,0.482,,0.486,,0.49,,0.493,,0.492,,0.493,,0.496,,0.503,,0.51,,0.509,,0.512,,0.514,,0.516,,0.517,,0.517,,0.518,,0.52,,0.524,,0.53,,0.533,,0.536,,0.537,,0.538,,0.541
16, Canada,0.866,,0.861,,0.86,,0.863,,0.868,,0.87,,0.871,,0.876,,0.879,,0.883,,0.89,,0.891,,0.895,,0.899,,0.904,,0.91,,0.915,,0.924,,0.924,,0.918,,0.92,,0.923,,0.925,,0.927,,0.929,,0.93,,0.93,,0.933,,0.934,,0.934
188, Central African Republic,0.389,,0.387,,0.381,,0.376,,0.378,,0.382,,0.366,,0.372,,0.374,,0.381,,0.38,,0.378,,0.374,,0.361,,0.36,,0.362,,0.366,,0.369,,0.369,,0.371,,0.378,,0.383,,0.39,,0.321,,0.321,,0.327,,0.332,,0.342,,0.345,,0.347
187, Chad,0.346,,0.355,,0.363,,0.326,,0.34,,0.338,,0.335,,0.338,,0.344,,0.338,,0.329,,0.34,,0.343,,0.329,,0.386,,0.395,,0.38,,0.393,,0.388,,0.41,,0.425,,0.421,,0.429,,0.429,,0.435,,0.437,,0.424,,0.416,,0.414,,0.415
43, Chile,0.682,,0.691,,0.706,,0.714,,0.717,,0.729,,0.737,,0.746,,0.752,,0.748,,0.754,,0.757,,0.759,,0.761,,0.766,,0.772,,0.772,,0.779,,0.79,,0.787,,0.793,,0.802,,0.811,,0.815,,0.818,,0.821,,0.821,,0.819,,0.823,,0.823
85, China,0.406,,0.417,,0.435,,0.451,,0.467,,0.478,,0.49,,0.503,,0.512,,0.522,,0.533,,0.544,,0.557,,0.571,,0.585,,0.6,,0.618,,0.638,,0.651,,0.663,,0.677,,0.689,,0.701,,0.711,,0.722,,0.731,,0.74,,0.75,,0.759,,0.767
83, Colombia,0.662,,0.663,,0.667,,0.673,,0.68,,0.685,,0.685,,0.687,,0.686,,0.678,,0.679,,0.679,,0.68,,0.682,,0.688,,0.694,,0.702,,0.709,,0.712,,0.712,,0.716,,0.724,,0.729,,0.736,,0.742,,0.747,,0.748,,0.747,,0.747,,0.749
156, Comoros,0.517,,0.504,,0.513,,0.513,,0.5,,0.501,,0.495,,0.497,,0.494,,0.493,,0.505,,0.505,,0.504,,0.504,,0.503,,0.504,,0.504,,0.502,,0.504,,0.505,,0.507,,0.51,,0.511,,0.514,,0.514,,0.512,,0.514,,0.516,,0.518,,0.519
149, Congo,0.515,,0.517,,0.523,,0.507,,0.502,,0.454,,0.455,,0.471,,0.493,,0.455,,0.437,,0.454,,0.456,,0.452,,0.439,,0.409,,0.393,,0.417,,0.439,,0.457,,0.456,,0.453,,0.48,,0.491,,0.514,,0.552,,0.533,,0.52,,0.512,,0.508
175, Congo (Democratic Republic of the),0.428,,0.409,,0.385,,0.362,,0.341,,0.334,,0.34,,0.327,,0.322,,0.306,,0.302,,0.29,,0.293,,0.297,,0.302,,0.304,,0.309,,0.312,,0.312,,0.315,,0.32,,0.323,,0.327,,0.328,,0.337,,0.345,,0.354,,0.352,,0.356,,0.357
62, Costa Rica,0.682,,0.684,,0.694,,0.701,,0.706,,0.707,,0.706,,0.711,,0.716,,0.716,,0.717,,0.719,,0.722,,0.726,,0.731,,0.735,,0.745,,0.755,,0.761,,0.756,,0.761,,0.765,,0.771,,0.772,,0.775,,0.778,,0.783,,0.786,,0.788,,0.788
43, Croatia,0.774,,0.739,,0.719,,0.708,,0.718,,0.755,,0.765,,0.776,,0.779,,0.776,,0.783,,0.793,,0.801,,0.807,,0.815,,0.821,,0.828,,0.836,,0.837,,0.825,,0.823,,0.824,,0.821,,0.822,,0.823,,0.83,,0.832,,0.841,,0.847,,0.852
70, Cuba,0.599,,0.581,,0.562,,0.537,,0.537,,0.539,,0.551,,0.554,,0.554,,0.562,,0.57,,0.575,,0.577,,0.582,,0.59,,0.606,,0.624,,0.634,,0.64,,0.641,,0.645,,0.65,,0.655,,0.659,,0.66,,0.666,,0.666,,0.669,,0.672,,0.673
33, Cyprus,0.834,,0.832,,0.841,,0.839,,0.844,,0.847,,0.846,,0.847,,0.867,,0.859,,0.862,,0.868,,0.876,,0.879,,0.882,,0.888,,0.892,,0.895,,0.904,,0.899,,0.896,,0.899,,0.886,,0.876,,0.872,,0.881,,0.885,,0.892,,0.895,,0.898
27, Czechia,0.827,,0.808,,0.808,,0.808,,0.812,,0.819,,0.824,,0.824,,0.823,,0.825,,0.831,,0.835,,0.836,,0.842,,0.847,,0.857,,0.864,,0.871,,0.874,,0.864,,0.867,,0.869,,0.87,,0.869,,0.872,,0.879,,0.883,,0.89,,0.894,,0.898
162, Côte d'Ivoire,0.553,,0.546,,0.543,,0.539,,0.54,,0.546,,0.548,,0.557,,0.561,,0.556,,0.552,,0.55,,0.544,,0.54,,0.539,,0.539,,0.537,,0.537,,0.538,,0.539,,0.538,,0.528,,0.54,,0.548,,0.559,,0.569,,0.575,,0.581,,0.587,,0.593
10, Denmark,0.897,,0.899,,0.902,,0.902,,0.909,,0.914,,0.917,,0.921,,0.925,,0.929,,0.932,,0.934,,0.935,,0.936,,0.941,,0.945,,0.951,,0.95,,0.95,,0.941,,0.944,,0.946,,0.946,,0.948,,0.951,,0.952,,0.955,,0.957,,0.96,,0.963
166, Djibouti,0.441,,0.433,,0.438,,0.445,,0.438,,0.445,,0.433,,0.436,,0.431,,0.435,,0.434,,0.433,,0.436,,0.447,,0.452,,0.454,,0.47,,0.475,,0.481,,0.498,,0.513,,0.528,,0.544,,0.561,,0.572,,0.582,,0.589,,0.594,,0.601,,0.61
94, Dominica,0.657,,0.66,,0.664,,0.664,,0.663,,0.667,,0.668,,0.674,,0.682,,0.677,,0.672,,0.681,,0.676,,0.687,,0.689,,0.69,,0.703,,0.71,,0.722,,0.723,,0.72,,0.719,,0.715,,0.715,,0.722,,0.717,,0.722,,0.711,,0.714,,0.722
88, Dominican Republic,0.617,,0.615,,0.629,,0.635,,0.637,,0.643,,0.65,,0.66,,0.668,,0.674,,0.678,,0.68,,0.684,,0.677,,0.676,,0.692,,0.704,,0.712,,0.718,,0.717,,0.727,,0.73,,0.732,,0.736,,0.744,,0.754,,0.761,,0.766,,0.775,,0.781
86, Ecuador,0.655,,0.66,,0.662,,0.663,,0.666,,0.667,,0.666,,0.67,,0.671,,0.657,,0.655,,0.661,,0.666,,0.667,,0.675,,0.682,,0.686,,0.687,,0.696,,0.695,,0.698,,0.707,,0.714,,0.719,,0.722,,0.719,,0.715,,0.715,,0.714,,0.711
116, Egypt,0.617,,0.62,,0.623,,0.624,,0.627,,0.631,,0.636,,0.641,,0.646,,0.651,,0.658,,0.66,,0.661,,0.663,,0.666,,0.669,,0.677,,0.686,,0.693,,0.696,,0.698,,0.698,,0.696,,0.696,,0.697,,0.701,,0.705,,0.707,,0.711,,0.716
124, El Salvador,0.595,,0.595,,0.604,,0.611,,0.617,,0.622,,0.621,,0.624,,0.627,,0.627,,0.628,,0.629,,0.629,,0.63,,0.63,,0.634,,0.64,,0.643,,0.647,,0.641,,0.644,,0.649,,0.651,,0.653,,0.655,,0.657,,0.66,,0.662,,0.665,,0.669
145, Equatorial Guinea,0.54,,0.539,,0.534,,0.546,,0.544,,0.557,,0.588,,0.676,,0.703,,0.742,,0.701,,0.726,,0.759,,0.751,,0.767,,0.795,,0.83,,0.848,,0.845,,0.845,,0.798,,0.803,,0.813,,0.809,,0.806,,0.81,,0.796,,0.772,,0.756,,0.746
180, Eritrea,0.392,,0.409,,0.425,,0.445,,0.465,,0.496,,0.497,,0.511,,0.523,,0.524,,0.52,,0.494,,0.499,,0.496,,0.485,,0.482,,0.476,,0.474,,0.455,,0.458,,0.459,,0.469,,0.478,,0.483,,0.486,,0.489,,0.49,,0.496,,0.5,,0.503
29, Estonia,0.774,,0.763,,0.734,,0.722,,0.723,,0.734,,0.743,,0.758,,0.767,,0.766,,0.778,,0.787,,0.797,,0.808,,0.82,,0.835,,0.848,,0.857,,0.852,,0.832,,0.833,,0.845,,0.851,,0.856,,0.861,,0.864,,0.868,,0.876,,0.883,,0.889
138, Eswatini (Kingdom of),0.603,,0.603,,0.604,,0.601,,0.594,,0.607,,0.615,,0.616,,0.611,,0.616,,0.612,,0.62,,0.616,,0.617,,0.625,,0.643,,0.642,,0.649,,0.647,,0.645,,0.645,,0.654,,0.661,,0.668,,0.668,,0.671,,0.661,,0.662,,0.659,,0.66
173, Ethiopia,0.307,,0.29,,0.271,,0.283,,0.283,,0.288,,0.303,,0.303,,0.292,,0.295,,0.299,,0.307,,0.305,,0.297,,0.312,,0.326,,0.337,,0.349,,0.361,,0.369,,0.382,,0.394,,0.402,,0.413,,0.424,,0.434,,0.444,,0.453,,0.459,,0.467
93, Fiji,0.676,,0.676,,0.674,,0.673,,0.676,,0.682,,0.688,,0.682,,0.68,,0.692,,0.695,,0.704,,0.708,,0.711,,0.722,,0.707,,0.707,,0.705,,0.705,,0.705,,0.704,,0.707,,0.708,,0.718,,0.722,,0.726,,0.73,,0.731,,0.735,,0.735
11, Finland,0.872,,0.86,,0.853,,0.85,,0.857,,0.864,,0.87,,0.88,,0.887,,0.895,,0.904,,0.908,,0.911,,0.912,,0.92,,0.923,,0.929,,0.935,,0.935,,0.924,,0.928,,0.929,,0.927,,0.925,,0.924,,0.925,,0.927,,0.931,,0.934,,0.934
26, France,0.88,,0.881,,0.883,,0.881,,0.884,,0.887,,0.889,,0.893,,0.897,,0.903,,0.907,,0.909,,0.909,,0.909,,0.912,,0.914,,0.917,,0.92,,0.92,,0.915,,0.917,,0.92,,0.919,,0.919,,0.92,,0.921,,0.922,,0.926,,0.928,,0.93
119, Gabon,0.774,,0.779,,0.767,,0.767,,0.772,,0.774,,0.775,,0.778,,0.785,,0.764,,0.746,,0.754,,0.756,,0.753,,0.741,,0.748,,0.732,,0.732,,0.72,,0.727,,0.725,,0.723,,0.735,,0.74,,0.753,,0.748,,0.748,,0.747,,0.744,,0.746
172, Gambia,0.471,,0.47,,0.47,,0.468,,0.464,,0.461,,0.463,,0.457,,0.458,,0.463,,0.466,,0.469,,0.463,,0.463,,0.473,,0.465,,0.459,,0.46,,0.465,,0.47,,0.474,,0.456,,0.459,,0.459,,0.452,,0.453,,0.452,,0.455,,0.46,,0.465
61, Georgia,0.705,,0.67,,0.593,,0.531,,0.519,,0.525,,0.544,,0.573,,0.584,,0.592,,0.596,,0.601,,0.611,,0.627,,0.638,,0.651,,0.667,,0.683,,0.685,,0.68,,0.689,,0.7,,0.713,,0.717,,0.725,,0.727,,0.728,,0.734,,0.743,,0.751
6, Germany,0.894,,0.9,,0.901,,0.899,,0.901,,0.902,,0.903,,0.905,,0.908,,0.91,,0.915,,0.917,,0.916,,0.914,,0.919,,0.92,,0.927,,0.932,,0.933,,0.926,,0.932,,0.942,,0.942,,0.942,,0.944,,0.946,,0.948,,0.951,,0.954,,0.954
138, Ghana,0.475,,0.478,,0.48,,0.482,,0.483,,0.484,,0.487,,0.49,,0.493,,0.496,,0.497,,0.501,,0.505,,0.508,,0.512,,0.519,,0.523,,0.526,,0.535,,0.539,,0.544,,0.558,,0.565,,0.577,,0.576,,0.579,,0.58,,0.587,,0.593,,0.599
32, Greece,0.834,,0.837,,0.837,,0.834,,0.836,,0.838,,0.841,,0.847,,0.852,,0.854,,0.859,,0.865,,0.869,,0.877,,0.884,,0.883,,0.89,,0.893,,0.892,,0.886,,0.877,,0.862,,0.856,,0.851,,0.855,,0.854,,0.854,,0.857,,0.859,,0.862
74, Grenada,0.667,,0.674,,0.673,,0.666,,0.668,,0.668,,0.673,,0.679,,0.694,,0.703,,0.708,,0.702,,0.705,,0.719,,0.713,,0.743,,0.736,,0.743,,0.744,,0.728,,0.732,,0.734,,0.731,,0.735,,0.744,,0.751,,0.751,,0.754,,0.759,,0.763
127, Guatemala,0.603,,0.607,,0.61,,0.612,,0.614,,0.618,,0.618,,0.621,,0.625,,0.627,,0.629,,0.63,,0.63,,0.631,,0.632,,0.634,,0.638,,0.644,,0.646,,0.643,,0.645,,0.647,,0.651,,0.653,,0.657,,0.661,,0.662,,0.665,,0.667,,0.671
178, Guinea,0.399,,0.399,,0.401,,0.408,,0.41,,0.413,,0.416,,0.419,,0.421,,0.426,,0.427,,0.428,,0.436,,0.438,,0.438,,0.439,,0.433,,0.44,,0.442,,0.435,,0.441,,0.445,,0.45,,0.448,,0.452,,0.457,,0.469,,0.481,,0.477,,0.48
175, Guinea-Bissau,0.427,,0.425,,0.427,,0.426,,0.428,,0.429,,0.432,,0.44,,0.407,,0.424,,0.425,,0.424,,0.422,,0.419,,0.42,,0.423,,0.424,,0.426,,0.425,,0.427,,0.431,,0.441,,0.434,,0.431,,0.437,,0.441,,0.446,,0.447,,0.448,,0.452
122, Guyana,0.488,,0.471,,0.502,,0.532,,0.553,,0.562,,0.584,,0.59,,0.592,,0.593,,0.598,,0.6,,0.601,,0.602,,0.61,,0.609,,0.613,,0.625,,0.63,,0.635,,0.643,,0.65,,0.658,,0.663,,0.67,,0.674,,0.675,,0.676,,0.681,,0.687
170, Haiti,0.466,,0.466,,0.454,,0.443,,0.422,,0.434,,0.437,,0.439,,0.439,,0.44,,0.439,,0.434,,0.431,,0.428,,0.421,,0.42,,0.423,,0.425,,0.424,,0.427,,0.42,,0.427,,0.429,,0.432,,0.435,,0.434,,0.435,,0.434,,0.435,,0.429
132, Honduras,0.548,,0.538,,0.541,,0.55,,0.546,,0.55,,0.549,,0.553,,0.555,,0.55,,0.556,,0.556,,0.557,,0.559,,0.563,,0.569,,0.575,,0.583,,0.586,,0.578,,0.579,,0.581,,0.583,,0.584,,0.584,,0.589,,0.592,,0.597,,0.598,,0.6
4," Hong Kong, China (SAR)",0.851,,0.857,,0.865,,0.878,,0.883,,0.884,,0.881,,0.889,,0.882,,0.884,,0.892,,0.894,,0.893,,0.901,,0.912,,0.919,,0.931,,0.941,,0.947,,0.939,,0.946,,0.953,,0.952,,0.957,,0.96,,0.962,,0.965,,0.972,,0.976,,0.974
40, Hungary,0.784,,0.762,,0.759,,0.762,,0.767,,0.768,,0.768,,0.77,,0.776,,0.779,,0.787,,0.794,,0.801,,0.808,,0.815,,0.821,,0.828,,0.826,,0.829,,0.823,,0.824,,0.827,,0.826,,0.832,,0.836,,0.842,,0.848,,0.853,,0.861,,0.868
4, Iceland,0.866,,0.866,,0.86,,0.86,,0.863,,0.862,,0.868,,0.877,,0.886,,0.891,,0.896,,0.9,,0.904,,0.904,,0.91,,0.918,,0.92,,0.933,,0.907,,0.898,,0.894,,0.902,,0.908,,0.926,,0.928,,0.935,,0.948,,0.951,,0.953,,0.952
131, India,0.436,,0.434,,0.439,,0.443,,0.45,,0.458,,0.467,,0.47,,0.476,,0.487,,0.489,,0.494,,0.497,,0.506,,0.515,,0.524,,0.534,,0.543,,0.545,,0.554,,0.564,,0.57,,0.576,,0.583,,0.592,,0.602,,0.611,,0.621,,0.629,,0.635
107, Indonesia,0.565,,0.575,,0.583,,0.592,,0.603,,0.612,,0.621,,0.626,,0.598,,0.594,,0.6,,0.608,,0.614,,0.618,,0.622,,0.628,,0.635,,0.642,,0.65,,0.655,,0.663,,0.67,,0.677,,0.683,,0.687,,0.693,,0.699,,0.704,,0.711,,0.716
70, Iran (Islamic Republic of),0.674,,0.688,,0.689,,0.689,,0.683,,0.686,,0.689,,0.689,,0.692,,0.689,,0.697,,0.696,,0.705,,0.716,,0.72,,0.723,,0.729,,0.739,,0.738,,0.738,,0.744,,0.747,,0.734,,0.732,,0.736,,0.732,,0.749,,0.752,,0.742,,0.729
123, Iraq,0.665,,0.498,,0.53,,0.586,,0.574,,0.539,,0.595,,0.62,,0.661,,0.68,,0.679,,0.678,,0.661,,0.6,,0.661,,0.663,,0.668,,0.668,,0.684,,0.682,,0.684,,0.688,,0.703,,0.707,,0.701,,0.703,,0.718,,0.709,,0.704,,0.707
2, Ireland,0.83,,0.834,,0.836,,0.84,,0.848,,0.859,,0.869,,0.881,,0.891,,0.901,,0.912,,0.914,,0.918,,0.924,,0.932,,0.938,,0.943,,0.944,,0.935,,0.92,,0.922,,0.917,,0.916,,0.924,,0.935,,0.952,,0.965,,0.971,,0.98,,0.986
19, Israel,0.826,,0.829,,0.835,,0.837,,0.844,,0.85,,0.853,,0.854,,0.857,,0.856,,0.86,,0.86,,0.857,,0.856,,0.861,,0.867,,0.873,,0.879,,0.879,,0.876,,0.882,,0.887,,0.886,,0.89,,0.895,,0.895,,0.897,,0.9,,0.903,,0.906
29, Italy,0.89,,0.892,,0.893,,0.892,,0.895,,0.9,,0.902,,0.906,,0.908,,0.911,,0.916,,0.919,,0.919,,0.919,,0.92,,0.921,,0.924,,0.925,,0.921,,0.913,,0.915,,0.916,,0.911,,0.907,,0.905,,0.906,,0.909,,0.912,,0.915,,0.915
101, Jamaica,0.645,,0.644,,0.655,,0.691,,0.686,,0.687,,0.69,,0.688,,0.681,,0.681,,0.681,,0.681,,0.678,,0.683,,0.685,,0.685,,0.69,,0.691,,0.691,,0.682,,0.681,,0.683,,0.685,,0.683,,0.684,,0.683,,0.682,,0.685,,0.685,,0.685
19, Japan,0.873,,0.877,,0.879,,0.877,,0.878,,0.882,,0.887,,0.888,,0.886,,0.885,,0.889,,0.89,,0.889,,0.892,,0.895,,0.898,,0.901,,0.904,,0.901,,0.893,,0.899,,0.9,,0.902,,0.906,,0.907,,0.909,,0.91,,0.914,,0.914,,0.916
102, Jordan,0.643,,0.632,,0.653,,0.654,,0.655,,0.659,,0.657,,0.66,,0.664,,0.666,,0.674,,0.68,,0.684,,0.688,,0.697,,0.704,,0.71,,0.717,,0.719,,0.719,,0.711,,0.706,,0.701,,0.698,,0.696,,0.693,,0.692,,0.692,,0.693,,0.693
51, Kazakhstan,0.744,,0.726,,0.719,,0.705,,0.686,,0.676,,0.678,,0.683,,0.683,,0.685,,0.696,,0.717,,0.733,,0.744,,0.754,,0.761,,0.77,,0.778,,0.775,,0.782,,0.784,,0.787,,0.794,,0.808,,0.813,,0.822,,0.815,,0.816,,0.816,,0.821
143, Kenya,0.519,,0.515,,0.509,,0.502,,0.503,,0.507,,0.511,,0.508,,0.51,,0.508,,0.505,,0.507,,0.504,,0.504,,0.508,,0.513,,0.518,,0.524,,0.521,,0.521,,0.529,,0.534,,0.536,,0.54,,0.544,,0.549,,0.553,,0.556,,0.562,,0.566
134, Kiribati,0.479,,0.476,,0.468,,0.461,,0.465,,0.475,,0.45,,0.485,,0.506,,0.498,,0.495,,0.495,,0.493,,0.48,,0.476,,0.513,,0.508,,0.51,,0.506,,0.495,,0.5,,0.492,,0.51,,0.527,,0.546,,0.575,,0.558,,0.568,,0.566,,0.567
23, Korea (Republic of),0.731,,0.745,,0.753,,0.761,,0.773,,0.785,,0.795,,0.802,,0.792,,0.808,,0.82,,0.826,,0.837,,0.841,,0.848,,0.854,,0.861,,0.869,,0.873,,0.873,,0.883,,0.888,,0.891,,0.894,,0.898,,0.901,,0.905,,0.909,,0.912,,0.916
64, Kuwait,0.917,,0.851,,0.926,,0.967,,0.984,,1,,1,,1,,1,,0.98,,0.981,,0.973,,0.968,,0.987,,1,,1,,1,,1,,1,,0.989,,0.979,,0.983,,0.987,,0.981,,0.976,,0.972,,0.973,,0.964,,0.965,,0.963
120, Kyrgyzstan,0.595,,0.581,,0.557,,0.531,,0.494,,0.483,,0.492,,0.502,,0.502,,0.502,,0.508,,0.518,,0.517,,0.526,,0.533,,0.532,,0.538,,0.55,,0.556,,0.559,,0.553,,0.552,,0.563,,0.571,,0.576,,0.579,,0.58,,0.585,,0.59,,0.587
137, Lao People's Democratic Republic,0.448,,0.45,,0.454,,0.459,,0.466,,0.473,,0.48,,0.484,,0.487,,0.497,,0.499,,0.505,,0.513,,0.517,,0.527,,0.537,,0.529,,0.555,,0.562,,0.573,,0.577,,0.585,,0.596,,0.606,,0.616,,0.625,,0.633,,0.639,,0.646,,0.65
37, Latvia,0.787,,0.771,,0.706,,0.684,,0.687,,0.689,,0.694,,0.709,,0.719,,0.722,,0.733,,0.745,,0.757,,0.77,,0.781,,0.8,,0.816,,0.831,,0.83,,0.821,,0.809,,0.819,,0.826,,0.832,,0.836,,0.842,,0.846,,0.853,,0.859,,0.863
92, Lebanon,0.683,,0.71,,0.728,,0.733,,0.74,,0.745,,0.756,,0.754,,0.756,,0.754,,0.753,,0.75,,0.741,,0.717,,0.743,,0.748,,0.751,,0.767,,0.778,,0.788,,0.795,,0.79,,0.784,,0.78,,0.774,,0.768,,0.765,,0.766,,0.762,,0.753
165, Lesotho,0.485,,0.479,,0.478,,0.477,,0.475,,0.474,,0.479,,0.485,,0.506,,0.506,,0.502,,0.501,,0.503,,0.509,,0.508,,0.502,,0.503,,0.505,,0.512,,0.508,,0.513,,0.514,,0.517,,0.52,,0.52,,0.518,,0.524,,0.521,,0.52,,0.521
175, Liberia,0.433,,0.412,,0.35,,0.291,,0.253,,0.242,,0.251,,0.35,,0.378,,0.373,,0.412,,0.406,,0.406,,0.346,,0.363,,0.366,,0.372,,0.382,,0.386,,0.384,,0.387,,0.397,,0.399,,0.408,,0.405,,0.403,,0.397,,0.396,,0.39,,0.383
105, Libya,0.986,,1,,0.996,,0.987,,0.987,,0.981,,0.981,,0.987,,0.979,,0.978,,0.978,,0.977,,0.974,,0.991,,0.991,,1,,1,,1,,1,,1,,1,,0.893,,1,,0.901,,0.792,,0.696,,0.668,,0.743,,0.762,,0.764
19, Liechtenstein,0.972,,0.972,,0.976,,0.98,,0.988,,0.994,,1,,1,,1,,1,,1,,1,,1,,1,,1,,1,,1,,1,,1,,1,,1,,1,,0.986,,1,,1,,1,,1,,1,,1,,1
34, Lithuania,0.786,,0.777,,0.741,,0.715,,0.7,,0.706,,0.713,,0.725,,0.736,,0.735,,0.743,,0.754,,0.766,,0.78,,0.792,,0.807,,0.819,,0.834,,0.84,,0.825,,0.827,,0.836,,0.843,,0.851,,0.859,,0.86,,0.866,,0.874,,0.882,,0.888
23, Luxembourg,0.991,,1,,1,,1,,1,,1,,1,,1,,1,,1,,1,,1,,1,,1,,1,,1,,1,,1,,1,,0.998,,1,,1,,0.998,,0.994,,0.994,,0.995,,0.994,,0.995,,0.995,,0.995
164, Madagascar,0.435,,0.42,,0.418,,0.417,,0.412,,0.41,,0.41,,0.411,,0.412,,0.415,,0.417,,0.422,,0.397,,0.407,,0.41,,0.412,,0.415,,0.421,,0.427,,0.416,,0.412,,0.411,,0.409,,0.408,,0.41,,0.409,,0.41,,0.413,,0.416,,0.418
174, Malawi,0.399,,0.41,,0.388,,0.403,,0.391,,0.386,,0.352,,0.407,,0.403,,0.402,,0.401,,0.389,,0.299,,0.304,,0.308,,0.31,,0.313,,0.323,,0.33,,0.337,,0.342,,0.345,,0.342,,0.344,,0.349,,0.347,,0.352,,0.35,,0.351,,0.353
62, Malaysia,0.695,,0.703,,0.712,,0.723,,0.732,,0.743,,0.753,,0.759,,0.743,,0.746,,0.754,,0.753,,0.759,,0.766,,0.773,,0.779,,0.786,,0.794,,0.796,,0.793,,0.799,,0.806,,0.81,,0.815,,0.822,,0.829,,0.833,,0.839,,0.843,,0.849
95, Maldives,0.652,,0.659,,0.664,,0.669,,0.675,,0.682,,0.696,,0.706,,0.711,,0.719,,0.724,,0.714,,0.722,,0.736,,0.742,,0.72,,0.751,,0.757,,0.767,,0.752,,0.757,,0.764,,0.761,,0.764,,0.768,,0.766,,0.768,,0.772,,0.776,,0.779
184, Mali,0.4,,0.414,,0.405,,0.406,,0.406,,0.402,,0.409,,0.412,,0.419,,0.424,,0.42,,0.432,,0.43,,0.442,,0.44,,0.445,,0.446,,0.446,,0.449,,0.449,,0.453,,0.453,,0.447,,0.447,,0.454,,0.459,,0.462,,0.465,,0.469,,0.472
28, Malta,0.803,,0.809,,0.813,,0.817,,0.821,,0.828,,0.831,,0.838,,0.841,,0.851,,0.854,,0.858,,0.859,,0.855,,0.854,,0.854,,0.855,,0.861,,0.866,,0.855,,0.862,,0.866,,0.868,,0.872,,0.883,,0.892,,0.893,,0.897,,0.903,,0.903
117, Marshall Islands,0.56,,0.557,,0.565,,0.572,,0.579,,0.59,,0.574,,0.566,,0.567,,0.567,,0.575,,0.581,,0.578,,0.574,,0.573,,0.575,,0.572,,0.575,,0.563,,0.564,,0.569,,0.568,,0.559,,0.567,,0.572,,0.584,,0.584,,0.587,,0.589,,0.592
157, Mauritania,0.574,,0.574,,0.574,,0.578,,0.569,,0.579,,0.59,,0.579,,0.58,,0.582,,0.571,,0.563,,0.567,,0.573,,0.575,,0.583,,0.598,,0.591,,0.588,,0.586,,0.582,,0.581,,0.582,,0.585,,0.585,,0.591,,0.59,,0.591,,0.591,,0.595
66, Mauritius,0.663,,0.669,,0.677,,0.682,,0.685,,0.691,,0.696,,0.704,,0.711,,0.713,,0.724,,0.728,,0.73,,0.736,,0.742,,0.744,,0.752,,0.762,,0.768,,0.771,,0.775,,0.78,,0.792,,0.801,,0.806,,0.812,,0.818,,0.825,,0.83,,0.836
74, Mexico,0.752,,0.756,,0.759,,0.759,,0.764,,0.75,,0.758,,0.766,,0.772,,0.774,,0.779,,0.777,,0.775,,0.775,,0.779,,0.78,,0.785,,0.786,,0.786,,0.775,,0.781,,0.784,,0.787,,0.785,,0.788,,0.791,,0.793,,0.795,,0.796,,0.794
136, Micronesia (Federated States of),0.54,,0.543,,0.54,,0.541,,0.539,,0.544,,0.538,,0.523,,0.526,,0.533,,0.54,,0.542,,0.543,,0.545,,0.543,,0.548,,0.548,,0.548,,0.544,,0.551,,0.551,,0.554,,0.552,,0.549,,0.543,,0.563,,0.559,,0.556,,0.555,,0.557
90, Moldova (Republic of),0.748,,0.719,,0.666,,0.664,,0.609,,0.609,,0.606,,0.608,,0.597,,0.592,,0.595,,0.611,,0.627,,0.64,,0.654,,0.665,,0.67,,0.672,,0.684,,0.669,,0.682,,0.69,,0.693,,0.706,,0.713,,0.709,,0.717,,0.727,,0.735,,0.743
99, Mongolia,0.579,,0.572,,0.558,,0.546,,0.554,,0.566,,0.568,,0.572,,0.578,,0.581,,0.577,,0.579,,0.586,,0.593,,0.612,,0.616,,0.627,,0.638,,0.648,,0.642,,0.641,,0.661,,0.676,,0.694,,0.698,,0.699,,0.697,,0.691,,0.707,,0.708
48, Montenegro,..,,..,,..,,..,,..,,..,,..,,..,,..,,..,,..,,..,,..,,..,,..,,..,,0.761,,0.77,,0.781,,0.769,,0.772,,0.779,,0.776,,0.781,,0.783,,0.789,,0.792,,0.801,,0.807,,0.811
121, Morocco,0.546,,0.553,,0.548,,0.543,,0.557,,0.545,,0.562,,0.557,,0.567,,0.567,,0.568,,0.577,,0.58,,0.587,,0.593,,0.597,,0.606,,0.61,,0.617,,0.62,,0.623,,0.629,,0.63,,0.636,,0.636,,0.642,,0.641,,0.645,,0.648,,0.65
181, Mozambique,0.23,,0.234,,0.217,,0.227,,0.23,,0.23,,0.242,,0.255,,0.266,,0.281,,0.275,,0.288,,0.286,,0.303,,0.308,,0.312,,0.318,,0.326,,0.334,,0.343,,0.348,,0.357,,0.365,,0.371,,0.376,,0.38,,0.381,,0.381,,0.383,,0.382
147, Myanmar,0.281,,0.278,,0.29,,0.297,,0.306,,0.314,,0.322,,0.329,,0.329,,0.343,,0.361,,0.375,,0.391,,0.409,,0.427,,0.445,,0.463,,0.479,,0.492,,0.507,,0.52,,0.527,,0.53,,0.542,,0.551,,0.562,,0.57,,0.579,,0.586,,0.59
130, Namibia,0.617,,0.627,,0.63,,0.625,,0.623,,0.629,,0.628,,0.631,,0.634,,0.632,,0.639,,0.637,,0.644,,0.653,,0.663,,0.661,,0.669,,0.67,,0.672,,0.669,,0.672,,0.679,,0.681,,0.693,,0.698,,0.703,,0.697,,0.694,,0.69,,0.686
.., Nauru,0.792,,0.757,,0.726,,0.695,,0.686,,0.672,,0.652,,0.638,,0.622,,0.611,,0.605,,0.591,,0.579,,0.591,,0.564,,0.574,,0.497,,0.534,,0.625,,0.592,,0.612,,0.625,,0.642,,0.684,,0.726,,0.735,,0.75,,0.756,,0.767,,0.769
142, Nepal,0.396,,0.401,,0.403,,0.405,,0.413,,0.414,,0.418,,0.422,,0.424,,0.429,,0.436,,0.442,,0.44,,0.443,,0.448,,0.452,,0.456,,0.459,,0.467,,0.472,,0.478,,0.483,,0.491,,0.497,,0.507,,0.512,,0.511,,0.52,,0.527,,0.535
8, Netherlands,0.891,,0.894,,0.895,,0.897,,0.901,,0.906,,0.911,,0.915,,0.919,,0.928,,0.934,,0.933,,0.933,,0.934,,0.936,,0.936,,0.944,,0.948,,0.946,,0.943,,0.946,,0.949,,0.948,,0.946,,0.946,,0.948,,0.948,,0.955,,0.959,,0.96
14, New Zealand,0.841,,0.828,,0.829,,0.835,,0.841,,0.847,,0.848,,0.851,,0.853,,0.859,,0.863,,0.868,,0.872,,0.876,,0.878,,0.88,,0.882,,0.885,,0.882,,0.885,,0.884,,0.887,,0.89,,0.893,,0.896,,0.9,,0.902,,0.903,,0.907,,0.908
128, Nicaragua,0.514,,0.511,,0.511,,0.504,,0.504,,0.516,,0.526,,0.531,,0.538,,0.546,,0.55,,0.551,,0.551,,0.553,,0.56,,0.566,,0.568,,0.575,,0.578,,0.57,,0.575,,0.582,,0.589,,0.594,,0.6,,0.605,,0.61,,0.615,,0.607,,0.599
189, Niger,0.36,,0.359,,0.353,,0.35,,0.347,,0.346,,0.343,,0.339,,0.349,,0.344,,0.337,,0.342,,0.343,,0.341,,0.337,,0.342,,0.345,,0.344,,0.349,,0.346,,0.352,,0.35,,0.358,,0.359,,0.364,,0.364,,0.366,,0.368,,0.373,,0.375
161, Nigeria,0.519,,0.516,,0.517,,0.508,,0.504,,0.502,,0.505,,0.506,,0.505,,0.505,,0.5,,0.508,,0.525,,0.53,,0.54,,0.544,,0.558,,0.56,,0.566,,0.573,,0.58,,0.583,,0.586,,0.592,,0.6,,0.601,,0.596,,0.592,,0.589,,0.588
82, North Macedonia,0.713,,0.704,,0.691,,0.681,,0.679,,0.678,,0.679,,0.68,,0.684,,0.689,,0.695,,0.691,,0.692,,0.695,,0.703,,0.708,,0.717,,0.72,,0.733,,0.733,,0.737,,0.74,,0.739,,0.742,,0.748,,0.752,,0.754,,0.756,,0.76,,0.765
1, Norway,0.907,,0.911,,0.916,,0.92,,0.927,,0.933,,0.94,,0.947,,0.95,,0.952,,0.955,,0.959,,0.961,,0.962,,0.966,,0.97,,0.971,,0.974,,0.972,,0.969,,0.969,,0.969,,0.97,,0.971,,0.975,,0.978,,0.978,,0.98,,0.981,,0.982
60, Oman,0.843,,0.845,,0.849,,0.853,,0.851,,0.856,,0.857,,0.866,,0.867,,0.866,,0.875,,0.88,,0.874,,0.869,,0.868,,0.865,,0.858,,0.872,,0.875,,0.876,,0.878,,0.86,,0.864,,0.862,,0.854,,0.859,,0.858,,0.851,,0.843,,0.84
154, Pakistan,0.516,,0.516,,0.521,,0.519,,0.52,,0.524,,0.525,,0.521,,0.521,,0.522,,0.524,,0.525,,0.528,,0.537,,0.543,,0.549,,0.554,,0.557,,0.557,,0.558,,0.559,,0.561,,0.564,,0.567,,0.572,,0.576,,0.581,,0.585,,0.591,,0.591
50, Palau,0.738,,0.75,,0.736,,0.718,,0.724,,0.738,,0.743,,0.74,,0.735,,0.733,,0.74,,0.741,,0.745,,0.747,,0.75,,0.777,,0.776,,0.784,,0.777,,0.768,,0.771,,0.78,,0.782,,0.779,,0.784,,0.801,,0.801,,0.791,,0.793,,0.795
115," Palestine, State of",0.567,,0.553,,0.58,,0.588,,0.575,,0.58,,0.573,,0.589,,0.61,,0.618,,0.594,,0.57,,0.544,,0.56,,0.569,,0.584,,0.576,,0.583,,0.588,,0.593,,0.6,,0.615,,0.621,,0.623,,0.622,,0.626,,0.631,,0.632,,0.632,,0.629
57, Panama,0.702,,0.708,,0.719,,0.727,,0.73,,0.727,,0.73,,0.735,,0.742,,0.743,,0.747,,0.744,,0.749,,0.748,,0.754,,0.759,,0.768,,0.785,,0.797,,0.797,,0.798,,0.816,,0.825,,0.833,,0.834,,0.843,,0.847,,0.854,,0.857,,0.859
155, Papua New Guinea,0.473,,0.484,,0.501,,0.528,,0.556,,0.545,,0.549,,0.535,,0.539,,0.538,,0.531,,0.528,,0.529,,0.533,,0.518,,0.52,,0.516,,0.531,,0.53,,0.537,,0.544,,0.545,,0.549,,0.552,,0.569,,0.575,,0.572,,0.567,,0.563,,0.568
103, Paraguay,0.666,,0.664,,0.662,,0.664,,0.665,,0.669,,0.676,,0.674,,0.671,,0.665,,0.652,,0.65,,0.65,,0.641,,0.648,,0.651,,0.661,,0.674,,0.683,,0.68,,0.694,,0.7,,0.696,,0.707,,0.713,,0.715,,0.719,,0.726,,0.728,,0.726
79, Peru,0.589,,0.595,,0.591,,0.595,,0.609,,0.616,,0.62,,0.627,,0.625,,0.625,,0.626,,0.626,,0.631,,0.635,,0.638,,0.644,,0.65,,0.661,,0.675,,0.676,,0.685,,0.693,,0.702,,0.712,,0.715,,0.719,,0.722,,0.722,,0.725,,0.726
107, Philippines,0.563,,0.56,,0.559,,0.56,,0.565,,0.568,,0.575,,0.581,,0.589,,0.59,,0.588,,0.589,,0.591,,0.596,,0.602,,0.607,,0.611,,0.618,,0.622,,0.625,,0.633,,0.635,,0.643,,0.651,,0.658,,0.665,,0.672,,0.68,,0.687,,0.692
35, Poland,0.712,,0.698,,0.699,,0.705,,0.718,,0.727,,0.737,,0.746,,0.753,,0.76,,0.768,,0.77,,0.773,,0.778,,0.782,,0.79,,0.798,,0.807,,0.815,,0.818,,0.823,,0.83,,0.833,,0.835,,0.84,,0.845,,0.849,,0.856,,0.864,,0.87
38, Portugal,0.825,,0.832,,0.834,,0.831,,0.832,,0.839,,0.843,,0.848,,0.854,,0.859,,0.861,,0.863,,0.864,,0.862,,0.864,,0.865,,0.865,,0.868,,0.868,,0.863,,0.866,,0.866,,0.859,,0.86,,0.861,,0.863,,0.867,,0.873,,0.877,,0.88
45, Qatar,0.97,,0.963,,0.977,,0.973,,0.974,,0.975,,0.974,,1,,1,,1,,1,,1,,1,,1,,1,,1,,1,,1,,1,,1,,1,,1,,1,,1,,1,,1,,1,,1,,1,,1
49, Romania,0.738,,0.719,,0.706,,0.708,,0.714,,0.724,,0.73,,0.722,,0.719,,0.719,,0.723,,0.733,,0.744,,0.746,,0.759,,0.769,,0.781,,0.793,,0.811,,0.805,,0.8,,0.804,,0.807,,0.813,,0.821,,0.826,,0.833,,0.845,,0.851,,0.859
52, Russian Federation,0.811,,0.803,,0.778,,0.764,,0.745,,0.738,,0.732,,0.733,,0.722,,0.732,,0.749,,0.759,,0.766,,0.776,,0.788,,0.797,,0.809,,0.822,,0.829,,0.817,,0.823,,0.829,,0.835,,0.837,,0.835,,0.833,,0.833,,0.836,,0.84,,0.841
160, Rwanda,0.337,,0.338,,0.355,,0.352,,0.255,,0.304,,0.316,,0.326,,0.326,,0.322,,0.325,,0.331,,0.347,,0.347,,0.356,,0.367,,0.377,,0.385,,0.397,,0.402,,0.409,,0.416,,0.425,,0.427,,0.432,,0.44,,0.445,,0.446,,0.454,,0.464
74, Saint Kitts and Nevis,0.758,,0.753,,0.756,,0.763,,0.77,,0.778,,0.782,,0.79,,0.785,,0.787,,0.801,,0.806,,0.805,,0.795,,0.802,,0.815,,0.821,,0.821,,0.829,,0.821,,0.82,,0.821,,0.818,,0.825,,0.832,,0.832,,0.835,,0.828,,0.832,,0.834
86, Saint Lucia,0.669,,0.667,,0.677,,0.674,,0.675,,0.674,,0.683,,0.679,,0.687,,0.691,,0.689,,0.678,,0.682,,0.685,,0.692,,0.689,,0.711,,0.716,,0.723,,0.72,,0.716,,0.721,,0.716,,0.735,,0.727,,0.734,,0.742,,0.748,,0.751,,0.753
97, Saint Vincent and the Grenadines,0.626,,0.626,,0.636,,0.641,,0.635,,0.647,,0.65,,0.653,,0.66,,0.665,,0.668,,0.672,,0.681,,0.69,,0.695,,0.699,,0.712,,0.718,,0.721,,0.72,,0.715,,0.714,,0.718,,0.721,,0.723,,0.722,,0.724,,0.725,,0.728,,0.728
111, Samoa,0.617,,0.611,,0.604,,0.61,,0.545,,0.555,,0.571,,0.571,,0.574,,0.578,,0.587,,0.599,,0.591,,0.598,,0.604,,0.61,,0.61,,0.618,,0.617,,0.616,,0.62,,0.618,,0.611,,0.611,,0.613,,0.624,,0.628,,0.626,,0.622,,0.626
135, Sao Tome and Principe,0.486,,0.481,,0.479,,0.476,,0.478,,0.476,,0.479,,0.477,,0.476,,0.482,,0.482,,0.491,,0.492,,0.501,,0.503,,0.511,,0.527,,0.529,,0.523,,0.526,,0.53,,0.533,,0.531,,0.539,,0.546,,0.546,,0.55,,0.554,,0.555,,0.555
40, Saudi Arabia,0.916,,0.929,,0.93,,0.925,,0.92,,0.918,,0.916,,0.915,,0.918,,0.91,,0.913,,0.908,,0.899,,0.91,,0.918,,0.922,,0.922,,0.922,,0.927,,0.92,,0.922,,0.932,,0.936,,0.935,,0.937,,0.939,,0.938,,0.933,,0.933,,0.931
168, Senegal,0.47,,0.469,,0.468,,0.464,,0.46,,0.464,,0.465,,0.466,,0.471,,0.476,,0.477,,0.481,,0.478,,0.484,,0.49,,0.494,,0.494,,0.498,,0.5,,0.498,,0.499,,0.496,,0.499,,0.499,,0.504,,0.509,,0.513,,0.519,,0.525,,0.529
64, Serbia,0.778,,0.758,,0.707,,0.651,,0.653,,0.661,,0.666,,0.677,,0.682,,0.667,,0.678,,0.688,,0.697,,0.703,,0.716,,0.724,,0.732,,0.741,,0.749,,0.747,,0.748,,0.752,,0.75,,0.754,,0.753,,0.755,,0.759,,0.761,,0.771,,0.777
67, Seychelles,0.749,,0.753,,0.763,,0.769,,0.766,,0.757,,0.764,,0.78,,0.787,,0.786,,0.786,,0.786,,0.772,,0.77,,0.778,,0.789,,0.801,,0.802,,0.795,,0.788,,0.801,,0.807,,0.817,,0.823,,0.825,,0.829,,0.831,,0.835,,0.84,,0.845
182, Sierra Leone,0.434,,0.426,,0.405,,0.415,,0.409,,0.404,,0.365,,0.337,,0.329,,0.316,,0.319,,0.338,,0.367,,0.374,,0.377,,0.378,,0.38,,0.397,,0.406,,0.409,,0.402,,0.404,,0.429,,0.448,,0.45,,0.412,,0.403,,0.418,,0.42,,0.425
11, Singapore,0.894,,0.898,,0.906,,0.915,,0.93,,0.937,,0.939,,0.95,,0.941,,0.948,,0.955,,0.95,,0.952,,0.96,,0.966,,0.974,,0.987,,0.994,,0.988,,0.981,,1,,1,,1,,1,,1,,1,,1,,1,,1,,1
39, Slovakia,0.759,,0.734,,0.723,,0.724,,0.733,,0.743,,0.753,,0.76,,0.766,,0.765,,0.767,,0.773,,0.779,,0.779,,0.789,,0.801,,0.813,,0.828,,0.838,,0.831,,0.837,,0.839,,0.844,,0.847,,0.85,,0.855,,0.859,,0.863,,0.869,,0.872
22, Slovenia,0.815,,0.801,,0.792,,0.797,,0.805,,0.812,,0.817,,0.824,,0.828,,0.836,,0.841,,0.846,,0.85,,0.855,,0.86,,0.866,,0.874,,0.882,,0.886,,0.874,,0.876,,0.877,,0.873,,0.871,,0.876,,0.876,,0.881,,0.889,,0.895,,0.898
151, Solomon Islands,0.449,,0.449,,0.46,,0.459,,0.467,,0.477,,0.475,,0.469,,0.469,,0.463,,0.438,,0.422,,0.412,,0.418,,0.427,,0.441,,0.444,,0.452,,0.439,,0.413,,0.425,,0.429,,0.459,,0.468,,0.469,,0.474,,0.47,,0.469,,0.47,,0.471
114, South Africa,0.695,,0.691,,0.685,,0.683,,0.685,,0.686,,0.689,,0.69,,0.688,,0.69,,0.694,,0.695,,0.699,,0.701,,0.707,,0.713,,0.72,,0.723,,0.726,,0.723,,0.726,,0.727,,0.728,,0.73,,0.73,,0.73,,0.728,,0.727,,0.726,,0.725
185, South Sudan,..,,..,,..,,..,,..,,..,,..,,..,,..,,..,,..,,..,,..,,..,,..,,..,,..,,..,,0.438,,0.434,,0.434,,0.44,,0.349,,0.444,,0.451,,0.438,,0.422,,0.437,,0.441,,0.453
25, Spain,0.848,,0.851,,0.851,,0.85,,0.85,,0.856,,0.859,,0.864,,0.87,,0.876,,0.883,,0.887,,0.889,,0.891,,0.893,,0.895,,0.898,,0.9,,0.898,,0.892,,0.893,,0.89,,0.887,,0.886,,0.889,,0.895,,0.9,,0.903,,0.907,,0.909
72, Sri Lanka,0.552,,0.557,,0.562,,0.571,,0.577,,0.583,,0.587,,0.596,,0.602,,0.607,,0.615,,0.611,,0.616,,0.625,,0.631,,0.639,,0.649,,0.658,,0.664,,0.67,,0.68,,0.692,,0.704,,0.707,,0.713,,0.718,,0.723,,0.726,,0.73,,0.732
170, Sudan,0.417,,0.413,,0.423,,0.43,,0.432,,0.438,,0.447,,0.459,,0.461,,0.46,,0.464,,0.47,,0.476,,0.482,,0.482,,0.489,,0.489,,0.508,,0.51,,0.516,,0.513,,0.533,,0.552,,0.553,,0.558,,0.562,,0.565,,0.565,,0.552,,0.551
97, Suriname,0.727,,0.733,,0.723,,0.697,,0.718,,0.714,,0.716,,0.719,,0.723,,0.717,,0.718,,0.71,,0.727,,0.734,,0.744,,0.751,,0.757,,0.766,,0.771,,0.773,,0.775,,0.776,,0.782,,0.787,,0.787,,0.782,,0.763,,0.75,,0.753,,0.75
7, Sweden,0.88,,0.876,,0.871,,0.866,,0.874,,0.879,,0.881,,0.886,,0.894,,0.903,,0.91,,0.911,,0.915,,0.92,,0.924,,0.929,,0.936,,0.941,,0.94,,0.93,,0.938,,0.941,,0.939,,0.94,,0.942,,0.945,,0.946,,0.949,,0.95,,0.952
2, Switzerland,0.964,,0.961,,0.959,,0.958,,0.957,,0.957,,0.958,,0.963,,0.968,,0.971,,0.978,,0.975,,0.972,,0.977,,0.98,,0.986,,0.989,,0.984,,0.974,,0.982,,0.99,,0.984,,0.985,,0.986,,0.985,,0.988,,0.986,,0.985,,0.988,,0.988
151, Syrian Arab Republic,0.514,,0.525,,0.532,,0.541,,0.561,,0.569,,0.583,,0.588,,0.586,,0.597,,0.611,,0.616,,0.613,,0.619,,0.634,,0.651,,0.664,,0.68,,0.702,,0.698,,0.708,,0.724,,0.663,,0.594,,0.521,,0.488,,0.459,,0.551,,0.537,,0.542
125, Tajikistan,0.602,,0.589,,0.534,,0.502,,0.461,,0.437,,0.402,,0.41,,0.415,,0.418,,0.424,,0.433,,0.441,,0.46,,0.481,,0.486,,0.501,,0.505,,0.527,,0.507,,0.516,,0.51,,0.524,,0.548,,0.545,,0.543,,0.538,,0.542,,0.549,,0.555
163, Tanzania (United Republic of),0.392,,0.391,,0.387,,0.384,,0.382,,0.384,,0.388,,0.389,,0.392,,0.396,,0.398,,0.401,,0.41,,0.415,,0.421,,0.427,,0.435,,0.439,,0.443,,0.447,,0.45,,0.457,,0.46,,0.465,,0.47,,0.474,,0.479,,0.485,,0.488,,0.492
79, Thailand,0.642,,0.652,,0.661,,0.673,,0.683,,0.693,,0.698,,0.692,,0.677,,0.683,,0.69,,0.692,,0.699,,0.707,,0.715,,0.72,,0.728,,0.736,,0.737,,0.735,,0.744,,0.748,,0.754,,0.755,,0.758,,0.762,,0.767,,0.773,,0.778,,0.783
141, Timor-Leste,0.489,,0.5,,0.512,,0.523,,0.528,,0.541,,0.556,,0.567,,0.563,,0.458,,0.518,,0.532,,0.546,,0.516,,0.528,,0.554,,0.603,,0.646,,0.703,,0.665,,0.691,,0.718,,0.699,,0.677,,0.645,,0.612,,0.576,,0.575,,0.571,,0.573
167, Togo,0.389,,0.385,,0.376,,0.348,,0.361,,0.371,,0.382,,0.398,,0.39,,0.387,,0.382,,0.379,,0.382,,0.388,,0.382,,0.371,,0.371,,0.366,,0.369,,0.373,,0.377,,0.393,,0.39,,0.395,,0.401,,0.409,,0.41,,0.411,,0.415,,0.419
104, Tonga,0.565,,0.573,,0.572,,0.577,,0.59,,0.591,,0.592,,0.59,,0.596,,0.601,,0.602,,0.604,,0.611,,0.612,,0.611,,0.61,,0.61,,0.604,,0.605,,0.608,,0.614,,0.62,,0.623,,0.62,,0.62,,0.621,,0.629,,0.629,,0.627,,0.627
67, Trinidad and Tobago,0.702,,0.704,,0.701,,0.699,,0.702,,0.707,,0.717,,0.731,,0.745,,0.756,,0.762,,0.771,,0.783,,0.801,,0.817,,0.823,,0.84,,0.842,,0.843,,0.843,,0.848,,0.836,,0.841,,0.848,,0.845,,0.855,,0.844,,0.843,,0.842,,0.841
95, Tunisia,0.598,,0.599,,0.607,,0.605,,0.607,,0.609,,0.616,,0.623,,0.629,,0.637,,0.641,,0.647,,0.648,,0.655,,0.663,,0.666,,0.673,,0.68,,0.685,,0.689,,0.692,,0.687,,0.692,,0.694,,0.697,,0.698,,0.699,,0.7,,0.702,,0.702
54, Turkey,0.73,,0.728,,0.733,,0.742,,0.731,,0.741,,0.75,,0.758,,0.76,,0.752,,0.759,,0.746,,0.754,,0.76,,0.773,,0.784,,0.793,,0.799,,0.798,,0.789,,0.799,,0.813,,0.818,,0.827,,0.832,,0.838,,0.841,,0.849,,0.85,,0.85
111, Turkmenistan,0.647,,0.636,,0.607,,0.605,,0.577,,0.558,,0.565,,0.548,,0.553,,0.572,,0.572,,0.583,,0.579,,0.584,,0.59,,0.598,,0.618,,0.632,,0.647,,0.653,,0.66,,0.676,,0.69,,0.703,,0.714,,0.726,,0.738,,0.742,,0.749,,0.756
.., Tuvalu,0.535,,0.539,,0.542,,0.547,,0.56,,0.551,,0.542,,0.554,,0.576,,0.573,,0.572,,0.593,,0.619,,0.57,,0.58,,0.573,,0.572,,0.573,,0.583,,0.571,,0.569,,0.566,,0.582,,0.589,,0.58,,0.607,,0.62,,0.608,,0.61,,0.622
159, Uganda,0.33,,0.333,,0.332,,0.341,,0.346,,0.358,,0.367,,0.371,,0.374,,0.381,,0.379,,0.38,,0.39,,0.394,,0.399,,0.403,,0.414,,0.422,,0.43,,0.436,,0.44,,0.449,,0.449,,0.449,,0.451,,0.454,,0.455,,0.454,,0.457,,0.462
74, Ukraine,0.768,,0.754,,0.735,,0.708,,0.672,,0.653,,0.638,,0.635,,0.632,,0.632,,0.642,,0.659,,0.669,,0.684,,0.702,,0.708,,0.719,,0.732,,0.736,,0.711,,0.718,,0.725,,0.727,,0.727,,0.726,,0.714,,0.719,,0.725,,0.731,,0.738
31, United Arab Emirates,1,,1,,1,,1,,1,,1,,1,,1,,1,,1,,1,,1,,1,,1,,1,,1,,1,,1,,0.989,,0.964,,0.953,,0.956,,0.96,,0.966,,0.972,,0.98,,0.983,,0.984,,0.983,,0.984
13, United Kingdom,0.864,,0.862,,0.862,,0.866,,0.871,,0.874,,0.878,,0.883,,0.889,,0.893,,0.898,,0.903,,0.906,,0.911,,0.913,,0.917,,0.918,,0.92,,0.918,,0.91,,0.913,,0.915,,0.914,,0.914,,0.917,,0.919,,0.921,,0.924,,0.925,,0.926
17, United States,0.909,,0.906,,0.909,,0.911,,0.915,,0.918,,0.921,,0.926,,0.931,,0.936,,0.941,,0.941,,0.942,,0.945,,0.95,,0.953,,0.956,,0.958,,0.957,,0.951,,0.954,,0.956,,0.958,,0.96,,0.962,,0.965,,0.966,,0.969,,0.973,,0.976
55, Uruguay,0.693,,0.699,,0.71,,0.713,,0.722,,0.72,,0.727,,0.739,,0.745,,0.742,,0.739,,0.732,,0.722,,0.716,,0.723,,0.736,,0.743,,0.752,,0.761,,0.766,,0.777,,0.784,,0.783,,0.792,,0.795,,0.798,,0.799,,0.801,,0.801,,0.801
106, Uzbekistan,0.529,,0.524,,0.503,,0.496,,0.485,,0.481,,0.48,,0.484,,0.489,,0.493,,0.493,,0.499,,0.504,,0.509,,0.519,,0.527,,0.533,,0.554,,0.559,,0.568,,0.582,,0.592,,0.601,,0.611,,0.618,,0.623,,0.629,,0.634,,0.639,,0.645
140, Vanuatu,0.506,,0.498,,0.488,,0.487,,0.486,,0.492,,0.495,,0.497,,0.5,,0.506,,0.506,,0.504,,0.493,,0.493,,0.495,,0.497,,0.508,,0.511,,0.524,,0.521,,0.521,,0.519,,0.516,,0.516,,0.517,,0.512,,0.515,,0.518,,0.518,,0.519
113, Venezuela (Bolivarian Republic of),0.772,,0.783,,0.786,,0.783,,0.775,,0.779,,0.776,,0.776,,0.774,,0.764,,0.767,,0.768,,0.75,,0.735,,0.757,,0.772,,0.785,,0.798,,0.803,,0.794,,0.789,,0.791,,0.796,,0.795,,0.791,,0.778,,0.752,,0.729,,0.701,,0.643
117, Viet Nam,0.417,,0.424,,0.436,,0.445,,0.457,,0.47,,0.48,,0.49,,0.496,,0.502,,0.521,,0.529,,0.536,,0.545,,0.555,,0.553,,0.561,,0.569,,0.576,,0.567,,0.589,,0.595,,0.602,,0.608,,0.614,,0.622,,0.631,,0.633,,0.643,,0.651
179, Yemen,0.512,,0.503,,0.501,,0.501,,0.497,,0.509,,0.525,,0.529,,0.537,,0.534,,0.542,,0.548,,0.55,,0.552,,0.553,,0.556,,0.564,,0.565,,0.565,,0.57,,0.568,,0.537,,0.541,,0.542,,0.521,,0.467,,0.44,,0.421,,0.415,,0.418
146, Zambia,0.454,,0.442,,0.438,,0.448,,0.433,,0.434,,0.44,,0.441,,0.436,,0.441,,0.443,,0.447,,0.451,,0.458,,0.459,,0.464,,0.469,,0.474,,0.486,,0.503,,0.507,,0.507,,0.53,,0.532,,0.526,,0.533,,0.525,,0.53,,0.531,,0.529
150, Zimbabwe,0.442,,0.447,,0.431,,0.432,,0.438,,0.435,,0.45,,0.449,,0.446,,0.442,,0.429,,0.433,,0.424,,0.411,,0.404,,0.397,,0.391,,0.386,,0.362,,0.425,,0.454,,0.468,,0.491,,0.496,,0.498,,0.495,,0.497,,0.501,,0.511,,0.496
,Human Development,,,..,,..,,..,,..,,..,,..,,..,,..,,..,,..,,..,,..,,..,,..,,..,,..,,..,,..,,..,,..,,..,,..,,..,,..,,..,,..,,..,,..,,..
 ,Very high human development,0.841,,0.841,,0.84,,0.84,,0.842,,0.845,,0.848,,0.852,,0.855,,0.859,,0.865,,0.866,,0.868,,0.871,,0.876,,0.88,,0.885,,0.889,,0.889,,0.883,,0.887,,0.891,,0.892,,0.894,,0.896,,0.898,,0.9,,0.903,,0.905,,0.921
 ,High human development,0.572,,0.576,,0.579,,0.584,,0.589,,0.594,,0.601,,0.607,,0.607,,0.61,,0.618,,0.623,,0.629,,0.637,,0.646,,0.655,,0.666,,0.679,,0.687,,0.691,,0.701,,0.709,,0.716,,0.722,,0.729,,0.733,,0.739,,0.745,,0.751,,0.749
 ,Medium human development,0.462,,0.455,,0.458,,0.462,,0.467,,0.474,,0.481,,0.485,,0.492,,0.5,,0.503,,0.507,,0.51,,0.515,,0.525,,0.533,,0.542,,0.55,,0.553,,0.56,,0.568,,0.574,,0.58,,0.586,,0.594,,0.602,,0.61,,0.617,,0.624,,0.622
 ,Low human development,0.442,,0.438,,0.436,,0.43,,0.422,,0.424,,0.429,,0.432,,0.434,,0.431,,0.428,,0.434,,0.443,,0.445,,0.451,,0.455,,0.464,,0.469,,0.473,,0.479,,0.482,,0.486,,0.486,,0.486,,0.493,,0.494,,0.492,,0.492,,0.491,,0.5
 ,Developing Countries,0.553,,0.554,,0.557,,0.561,,0.564,,0.568,,0.574,,0.58,,0.581,,0.584,,0.589,,0.592,,0.597,,0.603,,0.612,,0.62,,0.63,,0.64,,0.647,,0.65,,0.658,,0.665,,0.671,,0.677,,0.683,,0.688,,0.693,,0.698,,0.702,,0.704
,Regions,,,..,,..,,..,,..,,..,,..,,..,,..,,..,,..,,..,,..,,..,,..,,..,,..,,..,,..,,..,,..,,..,,..,,..,,..,,..,,..,,..,,..,,..
 ,Arab States,0.703,,0.697,,0.703,,0.704,,0.703,,0.702,,0.705,,0.708,,0.715,,0.715,,0.718,,0.719,,0.717,,0.718,,0.728,,0.733,,0.739,,0.745,,0.752,,0.75,,0.752,,0.753,,0.758,,0.756,,0.758,,0.761,,0.763,,0.762,,0.762,,0.754
 ,East Asia and the Pacific,0.472,,0.48,,0.493,,0.506,,0.52,,0.531,,0.542,,0.55,,0.549,,0.556,,0.566,,0.574,,0.585,,0.596,,0.607,,0.619,,0.633,,0.649,,0.66,,0.669,,0.682,,0.693,,0.703,,0.711,,0.721,,0.728,,0.736,,0.745,,0.753,,0.754
 ,Europe and Central Asia,0.684,,0.674,,0.66,,0.652,,0.634,,0.634,,0.638,,0.645,,0.648,,0.645,,0.653,,0.653,,0.663,,0.672,,0.685,,0.696,,0.706,,0.716,,0.719,,0.713,,0.721,,0.731,,0.736,,0.744,,0.748,,0.752,,0.753,,0.759,,0.762,,0.784
 ,Latin America and the Caribbean,0.688,,0.691,,0.693,,0.696,,0.7,,0.7,,0.703,,0.708,,0.709,,0.706,,0.711,,0.709,,0.707,,0.708,,0.714,,0.718,,0.726,,0.733,,0.737,,0.732,,0.738,,0.743,,0.746,,0.749,,0.75,,0.748,,0.745,,0.745,,0.745,,0.755
 ,South Asia,0.482,,0.484,,0.488,,0.49,,0.492,,0.499,,0.505,,0.506,,0.511,,0.517,,0.52,,0.523,,0.528,,0.536,,0.544,,0.551,,0.559,,0.568,,0.57,,0.577,,0.585,,0.59,,0.593,,0.598,,0.606,,0.613,,0.624,,0.631,,0.637,,0.631
 ,Sub-Saharan Africa,0.494,,0.491,,0.483,,0.478,,0.473,,0.476,,0.479,,0.481,,0.481,,0.48,,0.479,,0.482,,0.488,,0.49,,0.495,,0.5,,0.508,,0.511,,0.514,,0.517,,0.521,,0.524,,0.527,,0.531,,0.536,,0.537,,0.536,,0.535,,0.535,,0.545
 ,Least Developed Countries,0.395,,0.392,,0.383,,0.382,,0.372,,0.381,,0.387,,0.392,,0.396,,0.394,,0.398,,0.404,,0.41,,0.414,,0.42,,0.426,,0.435,,0.445,,0.451,,0.458,,0.462,,0.467,,0.472,,0.474,,0.481,,0.485,,0.487,,0.49,,0.494,,0.51
 ,Small Island Developing States,0.64,,0.642,,0.646,,0.65,,0.656,,0.663,,0.669,,0.676,,0.675,,0.68,,0.686,,0.684,,0.687,,0.69,,0.695,,0.703,,0.716,,0.725,,0.726,,0.723,,0.737,,0.739,,0.742,,0.745,,0.747,,0.751,,0.752,,0.753,,0.755,,0.764
 ,Organization for Economic Co-operation and Development,0.846,,0.846,,0.848,,0.849,,0.852,,0.855,,0.858,,0.863,,0.866,,0.87,,0.875,,0.876,,0.877,,0.88,,0.884,,0.887,,0.891,,0.893,,0.893,,0.887,,0.891,,0.893,,0.894,,0.896,,0.898,,0.9,,0.902,,0.905,,0.907,,0.923
 ,World,0.679,,0.678,,0.677,,0.677,,0.679,,0.682,,0.686,,0.689,,0.691,,0.694,,0.699,,0.701,,0.703,,0.707,,0.713,,0.718,,0.724,,0.73,,0.733,,0.731,,0.736,,0.74,,0.744,,0.747,,0.751,,0.754,,0.757,,0.761,,0.764,,0.773
