"Country Name","Year","GDP Per Capita PPP","Private Expenditure Consumption (% growth)","Gross Fixed Investment (% growth)","Govt Expenditure Consumption (% GDP)","Exports of G&S (% GDP)","Imports of G&S (% GDP)","Human Development Index","Gross Capital Formation","Net foreign asset","Net FDI (BOP)","Exchange Rate","Total Reserves","Inflation Rate","Govt Effectiveness","Female Adult Mortality Rate","Male Adult Mortality Rate","Real GDP (% growth)","major.event","GDP Per Capita PPP (Year+1)"
"Australia","1996",21958.2550454195,3.40432740878167,2.73714514372097,17.9551136374406,18.9391943502546,19.3931375912388,0.89,24.8512601426462,-30193115589.3141,441654791.3511,1.27786333333333,17402141301.7261,2.61538461538462,1.800565,60.117,107.832,3.87858529337824,"0",24171.767188336
"Australia","1998",24171.767188336,4.949134915199,9.73682074591129,17.614611195092,19.5955769201339,20.4748536380903,0.896,25.6909999540892,-55427061687.0689,-2932190620.71574,1.59182833333333,15377553384.6145,0.860134629768157,1.682469,57.991,103.662,4.57668875918884,"0",26321.4464495089
"Australia","2000",26321.4464495089,4.25780437181211,8.09424324778909,17.7870981110444,19.4346594389549,21.5943517368742,0.903,26.3080439047188,-72094290436.6796,-10797958704.9726,1.72482666666667,18821546023.5147,4.45743514797225,1.810187,56.11,97.967,3.93313694470206,"0",28718.241079556
"Australia","2002",28718.241079556,3.09767166663416,9.12487656462675,17.5442457636894,20.77459420115,20.7826816731256,0.907,24.4931077503172,-84302771674.4854,-7681971734.88822,1.8405625,21567012300.1784,2.98157453936349,1.718943,53.059,90.811,4.0014040616517,"0",29734.7208766173
"Australia","2003",29734.7208766173,4.03162105190135,12.5672568968891,17.5953855373552,19.0950858969237,21.2010587295246,0.909,26.0162804634439,-106072602127.708,9612586773.251,1.54191416666667,33258076239.1012,2.73259596616783,1.837643,50.706,89.052,2.98593432165801,"0",31308.2105242907
"Australia","2004",31308.2105242907,5.03900992980032,8.73554727530154,17.4953747739649,17.2032857977397,19.9174485708545,0.911,27.171939946971,-137966565117.539,-33123390586.6106,1.3597525,36925537509.3118,2.34325522482587,2.006778,49.508,86.332,4.05545196750958,"0",32575.0692539649
"Australia","2005",32575.0692539649,4.54492332065084,6.0945841089905,17.5615885581832,18.2651015697588,21.0060810671628,0.906,27.5588673104423,-177536423917.532,-7620252751.31983,1.30947333333333,43257063108.6614,2.69183168316831,1.751213,47.595,85.447,3.20426979287869,"0",34288.8636875396
"Australia","2006",34288.8636875396,3.24642793559313,8.2734851718856,17.4798028963399,19.8939212990376,21.7103057916763,0.909,27.6044478789278,-228616333424.734,-6470053660.8773,1.3279734405,55078716457.7347,3.55528773727028,1.711956,48.235,82.945,2.79453702446311,"0",36544.8859750628
"Australia","2007",36544.8859750628,5.44135574732924,4.5196003965884,17.3439365061251,20.2036088949588,21.8478307885289,0.912,27.5714089820199,-323617832405.969,-30020094088.5358,1.1950725,26907894338.8501,2.32761128891476,1.825559,48.119,84.729,3.84423031556788,"0",37459.307649507
"Australia","2008",37459.307649507,4.91613326893261,8.76205163480634,17.2426533980343,20.1616732338809,22.7086594643905,0.926,28.6645947169529,-331552891228.129,-13272117217.3587,1.19217833333333,32923506492.0435,4.35029854990047,1.79397,46.643,81.993,3.65795352556486,"1",40300.7555477896
"Australia","2009",40300.7555477896,0.570209886538024,1.5240154849766,17.5915470045114,23.0048129381936,22.7930912712426,0.928,27.3960536287491,-379310550554.136,-17218512630.0947,1.28218881008452,41742190606.7948,1.77111716621252,1.705787,47.91,81.768,1.93699392030038,"1",39301.3411198761
"Australia","2010",39301.3411198761,3.25323888123282,1.7480620349763,17.9990024677012,19.810007754315,20.8396639745591,0.93,26.8511409755989,-337297043386.898,-17142068311.1791,1.09015948638677,42267797177.4333,2.91834002677376,1.768468,45.704,78.634,2.067417127684,"0",41965.3584189919
"Australia","2011",41965.3584189919,3.9852871701424,3.59974028346628,17.8107497977583,21.4364170540906,20.4703160052576,0.932,26.5072122273973,-317099747631.145,-57304251200.4141,0.969463201496735,46714016758.3861,3.30385015608744,1.695814,46.069,78.281,2.46275631162725,"0",42826.789579996
"Australia","2012",42826.789579996,2.97302589983606,11.603096001792,17.9862323586256,21.4808284059974,21.7295182659334,0.937,27.7425576441621,-331361833043.113,-51785739222.1873,0.965801030658708,49138172006.1935,1.76278015613193,1.62129,44.403,75.68,3.91816287094112,"0",45902.047948361
"Australia","2013",45902.047948361,1.7691748451157,2.89134347862294,17.8403795595542,19.9561676149363,21.2522627313421,0.931,27.8957916614323,-334137734463.396,-54767994546.3688,1.03584309652054,52837027749.6145,2.44988864142539,1.640055,44.986,75.444,2.58489770154893,"0",46880.2206571585
"Bulgaria","1996",6831.99424443104,3.30294160719171,-67.6848401461443,13.8489864855597,48.496988307115,37.3236854305756,0.718,1.15735512371853,274664087.977293,-137500000,0.177888666666667,864262294.007178,121.60754244925,-0.0425848,99.791,238.023,5.13891551042298,"0",6177.42265961447
"Bulgaria","1998",6177.42265961447,-1.99424030207661,32.6271958738445,18.3452584871767,41.941348832632,35.1038600249826,0.718,18.7086102226014,5621882669.08257,-537253653.093478,1.76035833333333,3056953865.99045,18.6722044420641,-0.2018884,98.497,241.483,4.28528182196033,"0",6424.75575422061
"Bulgaria","2000",6424.75575422061,9.29672334215294,16.47926987995,19.785112675507,36.2188580437982,41.5268488799543,0.72,19.0461441629669,8135742002.30155,-998219916.685135,2.123275,3507198891.18447,10.3162621289989,0.0029948,98.817,225.005,4.78204352345534,"0",7786.41700228371
"Bulgaria","2002",7786.41700228371,5.80154778263085,8.13563370523941,19.178153843914,33.6473037196123,41.6223072947401,0.736,20.5290208799206,9726704885.35109,-876321850.153046,2.076975,4846429934.1631,5.81014365721823,0.2487509,93.926,218.165,5.95303440817962,"0",8408.3560217176
"Bulgaria","2003",8408.3560217176,6.39871339559819,12.8531074121634,20.110588722671,34.4169440000581,44.5969370580688,0.745,22.0741721833337,9874252659.83634,-2070285897.61502,1.73270166666667,6825720112.56369,2.34864169582755,0.114253,91.42,215.846,5.15184101085522,"0",9193.83105986015
"Bulgaria","2004",9193.83105986015,9.35727752417492,13.786382396556,19.3619084834702,40.9566372905709,52.1072538973285,0.752,23.4333504039921,9320698326.46127,-2879178250.31481,1.57510891666667,9337108132.85169,6.1471307424627,0.1505233,92.267,215.996,6.44185946256435,"0",10291.4533855198
"Bulgaria","2005",10291.4533855198,7.4328327529425,26.7336080051996,18.153567035274,42.5295666553283,57.1846466782109,0.758,27.7396722508525,13261909407.8103,-4004786052.34486,1.57413333333333,8697081081.81402,5.03883807111907,0.1818574,92.247,219.427,7.15354138054481,"0",11392.8766197617
"Bulgaria","2006",11392.8766197617,8.50356566036376,12.9504772754328,18.1469405300315,46.9778786308931,64.0695841229168,0.765,32.0563353125989,18276741484.137,-7582756075.81876,1.55926666666667,11756001867.2857,7.26159462769947,-0.0573758,93.389,218.686,6.80216757925123,"0",12795.8412484357
"Bulgaria","2007",12795.8412484357,11.330061045139,13.0558038991158,16.6987398449513,52.387705659879,71.2219404997787,0.773,33.6272050901042,19288526115.5194,-12903082288.9807,1.42905,17544560019.9979,8.40253419005894,-0.0075428,91.31,212.03,6.55708105188404,"0",14335.6690235298
"Bulgaria","2008",14335.6690235298,3.41777615993901,21.966270164553,17.1631862919397,52.5185415394806,72.2673442034384,0.78,36.9533048766277,13620841413.9898,-9179244609.95921,1.33711666666667,17930378434.4521,12.3487195994021,-0.0473091,88.735,208.154,6.08562760690579,"1",14191.5715073501
"Bulgaria","2009",14191.5715073501,-4.3112747748437,-17.6729106625524,16.739357660295,42.2188506641518,50.4737962060994,0.782,28.5382210992663,14624677547.6022,-3535417639.07974,1.40669166666667,18522121029.1316,2.75320223914816,0.1661583,87.304,203.75,-3.37483832880535,"1",14879.2670141409
"Bulgaria","2010",14879.2670141409,0.295100423618138,-17.6409085303825,16.6028198174576,50.406237817665,53.2686271558648,0.788,22.6551593436821,17069031612.9754,-1253650000,1.47739166666667,17223204558.801,2.43899060504117,0.045724,87.933,196.902,0.559446489731144,"0",15667.3081208607
"Bulgaria","2011",15667.3081208607,2.60037715572071,-4.40282076805504,15.9309878863956,59.1021818175781,58.7258095941416,0.791,21.4673630307732,21086216244.6775,-1611440000,1.40645833333333,17215731650.4487,4.21990346601875,0.0415073,85.702,194.111,2.35455692273156,"0",16247.4904781752
"Bulgaria","2012",16247.4904781752,3.32664423292772,1.8207139850104,15.8687281753204,60.6526494302123,63.8375696222578,0.795,21.994664865858,25440498592.2785,-1378130000,1.52205,20507099695.0265,2.95456829831017,0.0717688,82.257,187.916,0.356586982837044,"0",16588.9333463683
"Bulgaria","2013",16588.9333463683,-2.5749071028024,0.544354340841295,17.1446936941499,64.8078326053919,65.2534694407958,0.801,21.0825387393181,28626293621.2018,-1637500000,1.47356666666667,19883353048.1463,0.890093540913032,0.0733867,82.085,184.811,0.325769436153124,"0",17561.382132399
"Canada","1998",26310.7044336176,2.73717142848938,3.23428967812562,19.8366043300703,40.0291747604299,38.0520106024312,0.861,21.0452729764529,-29011655225.8925,11369485481.8881,1.48350530166667,24023245895.1669,0.995942456658074,1.94848,62.681,105.573,2.79654247993439,"0",29362.9452451183
"Canada","2000",29362.9452451183,4.0639935686815,5.06582412902672,19.1064161806335,44.209235821106,38.5561220292153,0.867,20.6144677111521,4366603613.61769,-21653038993.6265,1.485394095,32427268296.4522,2.71943995691972,1.931158,61.045,100.924,4.91776274356224,"0",30963.0530022941
"Canada","2002",30963.0530022941,3.99840953261857,0.996616618757272,19.7787192119877,40.0586585930818,35.6483734848415,0.877,19.7393454062916,4899535000,4749229277.95075,1.57034283416667,37189390323.6644,2.25839440940856,1.923086,59.461,96.843,3.42214617132493,"0",32333.482974789
"Canada","2003",32333.482974789,2.74410584177032,5.21744603769525,19.8962017689692,36.8659851985508,32.9741094185099,0.882,20.4666776118118,5288051000,16417567996.3288,1.4010145475,36267581049.3034,2.75856321360112,1.990027,58.285,96.936,3.81109015282463,"0",33911.0436805378
"Canada","2004",33911.0436805378,3.06105684727342,8.43521631414048,19.4174844503805,37.3277713060483,32.864648684908,0.888,21.3828605310678,5092942000,43370579702.622,1.301281595,34476385087.8754,1.85725871857261,1.922352,57.038,94.7,3.91402878219242,"0",36327.2286544972
"Canada","2005",36327.2286544972,3.92745844359936,9.12407680867015,19.0759109803014,36.8567073235071,32.9024256932286,0.894,22.6320421110981,6576969000,1727389338.84794,1.21140513416667,33018041276.077,2.21355203439764,1.887422,57.101,94.329,4.99586086930171,"0",38106.3566318206
"Canada","2006",38106.3566318206,4.19781447388795,6.27976308904327,19.2487641773811,35.4024592168513,32.6497052601475,0.898,23.5958930196569,10228198000,-13950022417.3474,1.13434472583333,35063091947.1937,2.00202539534156,1.895545,55.857,91.806,4.16581762720676,"0",39555.5009794104
"Canada","2007",39555.5009794104,4.41283801752381,3.1676484222132,19.2505356033619,34.229555163977,32.0538645842577,0.896,23.9078762217461,8260995000,-55310207533.9084,1.07404562166667,41082108778.8237,2.13838399266843,1.761394,55.455,91.762,6.86860885703047,"0",40376.3068799056
"Canada","2008",40376.3068799056,2.99116036453171,1.62653671196868,19.7194394824506,34.3950055520687,32.6286028098296,0.898,24.0725027760344,11252023000,18568974469.1936,1.06708691833333,43872316563.9077,2.37027067444294,1.791681,55.879,89.926,1.00762269545756,"1",38893.7205280568
"Croatia","1996",8724.58852431421,1.86020238561149,34.4270805303909,22.4368579460269,30.5127063615646,36.9960755553906,0.715,20.534922432142,11740608673.9992,-465985640.630684,5.43416116666667,2313998603.45799,4.29999999999994,0.102206,74.588,185.771,5.90533971044781,"0",9821.57394280535
"Croatia","1998",9821.57394280535,-1.26151218058172,2.21702943025454,22.6800032131885,29.3351965078856,36.0924012815427,0.738,21.8758559441593,12713485455.8328,-842125015.152154,6.36328566666667,2815737659.72276,6.39668660837554,0.0742144,71.831,177.724,2.2907627879565,"0",10587.4260296888
"Croatia","2000",10587.4260296888,4.53784527243779,-3.0625258265022,21.5515540800329,35.3063686899188,39.8446337295262,0.757,20.2114423452413,29013531995.6432,-966944559.019883,8.27766641666667,3524350092.11558,4.611315547378,0.3321905,70.95,174.609,2.86174684295204,"0",12646.8276875904
"Croatia","2002",12646.8276875904,9.51431265158895,14.0892833687697,19.1182417043309,36.2125231975375,45.7263980641165,0.774,24.7231145108615,32570336299.479,-411785207.82629,7.8716825,5884888203.90455,1.67178437393382,0.3530358,70.07,171.494,5.67815670956782,"0",13549.7944592345
"Croatia","2003",13549.7944592345,4.64851364540837,23.4861943610974,18.553705574523,35.891458674545,46.360395545361,0.78,28.1285627208675,35174990945.9205,-1704994151.91954,6.70496883333333,8190523097.99716,1.76733780760626,0.3699,68.547,167.275,5.63579851801137,"0",14533.2541647915
"Croatia","2004",14533.2541647915,4.55329179326691,5.43689903279387,18.6039213066272,36.9045909960348,45.5121151298628,0.786,26.8995341108153,30930282195.6331,-931121030.268974,6.03434066666667,8758177307.55765,2.05539679050332,0.4415614,67.024,163.056,4.15457685638678,"0",15300.6124891502
"Croatia","2005",15300.6124891502,4.5793855827785,3.89201865093089,18.4947508320926,36.7367008262631,45.5237364778878,0.792,26.9961336217119,22663504302.5118,-1573751067.03737,5.94923691666667,8800316451.1043,3.31717824448043,0.4607839,65.5,158.838,4.30849337871648,"0",17421.0070778564
"Croatia","2006",17421.0070778564,1.28688858884389,10.1183302917567,18.4376300978873,37.9267814946378,46.4685137151998,0.798,29.1893975876418,27229120971.6721,-3077969935.26508,5.83779325,11487840810.6564,3.1898259147295,0.5713952,63.977,154.619,4.99328763230982,"0",19318.7211179991
"Croatia","2007",19318.7211179991,5.02516082542751,7.19739274129698,19.2395287331614,37.8889744873771,46.3156648854936,0.808,29.0619223337549,48919579114.0575,-4266112258.20822,5.36453566666667,13674518992.7939,2.89928275583392,0.4742114,62.454,150.4,5.06762513457255,"0",20768.8121115103
"Croatia","2008",20768.8121115103,3.01868358032722,9.17542054554804,18.8091574032403,36.4143830479168,46.6532813429366,0.813,30.7343306924196,39769576654.5522,-3855003767.66922,4.93503975,12957286637.2186,6.07696838798351,0.5699982,61.856,147.68,1.89345290008815,"1",20009.6278974678
"Croatia","2009",20009.6278974678,-8.84917412280134,-14.3607569228807,20.6518591866247,32.6635123212576,38.2776835711445,0.812,25.1556105913063,41830703099.778,-1694947241.51166,5.28394641666667,14894514532.2478,2.37852845904674,0.5968499,61.258,144.96,-7.32353731934752,"1",19814.6019709618
"Croatia","2010",19814.6019709618,-1.523266284679,-15.1911453918447,20.606002920587,36.1083951941595,37.792802126037,0.815,21.1102483208905,39823064263.0272,-1098855797.19588,5.49801058333333,14132506400.1205,1.03055505333573,0.6221606,60.66,142.24,-1.31656297984225,"0",20804.3888834311
"Croatia","2011",20804.3888834311,1.06334995861097,-2.66798331262935,20.7420303875572,38.7551172282805,40.4728637073876,0.823,19.9404530203523,28873199262.7627,-1309375114.61811,5.34386975,14483805261.8585,2.27272727272727,0.5611811,60.062,139.519,-0.198369263496232,"0",21168.8512309248
"Croatia","2012",21168.8512309248,-2.37117361851537,-3.25836242466738,20.7406536846498,39.4756395564284,41.0956693254251,0.825,18.8084834413294,41915549450.0564,-1552272121.58887,5.85029183333333,14807134321.34,3.41207349081366,0.7065707,59.465,136.799,-2.3917742692408,"0",21820.5205185603
"Croatia","2013",21820.5205185603,-1.50853475319511,1.36835198982672,20.5164719414481,40.3318687933055,42.3568233969013,0.83,19.3908955793957,58309423142.7379,-1096770177.95506,5.70488016666667,17766773440.2298,2.2165820642978,0.7031556,57.674,133.321,-0.447092176997273,"0",22060.7411314836
"Cyprus","2005",27763.2263803954,3.90991087908115,6.47587465795662,16.5136248030502,55.6921102559885,56.2249625665534,0.836,22.4482479311924,5571309759.996,-614353041.30245,0.464070507161667,4429824566.75242,2.56016132330235,1.157761,43.277,84.087,4.85300383835666,"0",29975.324186549
"Cyprus","2006",29975.324186549,3.91592111159559,20.8690278421986,16.8987309889276,53.4357273848067,56.370599083076,0.842,24.6044910699475,8770978260.1038,-974111242.938478,0.458915946916667,5942554137.32535,2.30468732978557,1.267324,42.483,82.803,4.71382866563106,"0",32841.7194326633
"Cyprus","2007",32841.7194326633,9.74805849040533,7.52440716350362,16.444547918837,53.2588980125664,58.0160532639575,0.849,24.3812108548293,8930700111.7831,-1032003154.49467,0.426125,6506542487.54211,2.37265183669722,1.427616,41.688,81.52,5.09806845261184,"0",34830.1217363099
"Denmark","1996",23682.9947881579,2.45501158600976,5.31790257748426,24.1054046096333,37.0673836258126,31.4038823862481,0.844,20.0636979330763,216696800646.115,1737018526.91019,5.79867166666667,14754070655.4947,2.12629802275579,1.759048,87.663,141.132,2.90009976874006,"0",25813.0130947329
"Denmark","1998",25813.0130947329,2.3523956477522,6.64592138906765,24.1291225249093,37.1865605187066,34.1125582027396,0.856,22.6551482928795,198117827684.019,-2460063169.39408,6.70082666666667,15880864794.6196,1.84565122007891,1.982808,80.569,128.913,2.21815874223761,"0",28670.589999229
"Denmark","2000",28670.589999229,0.38664480747299,8.16629474059951,23.8737646063848,44.8472655641397,38.1366854891628,0.87,22.3515417649134,179839960127.372,-7632079641.61947,8.08314416666667,15695951232.7906,2.90328203236457,1.980277,78.859,125.917,3.74686259540198,"0",30640.3456230968
"Denmark","2002",30640.3456230968,1.44593132874982,-2.29330934248121,24.8690541949282,45.7044791859005,38.852495620333,0.89,21.343037915222,75350570418.938,-1781036187.82995,7.89471416666667,27719142484.4471,2.42443661219694,2.088286,75.793,124.075,0.46634557149423,"0",30788.6245747735
"Denmark","2003",30788.6245747735,1.33425011809723,1.63830584760399,25.0380242581172,43.8384088674947,37.0432985323193,0.901,20.921735623489,66319658167.285,-328531910.087002,6.58767333333333,37997724766.112,2.07507820646504,2.154386,71.845,118.031,0.390058556485101,"0",32911.4015319318
"Denmark","2004",32911.4015319318,4.64722433073774,3.51702471490809,24.9339005994338,43.9284349569116,38.2793303141397,0.905,21.6913159962349,76401645878.03,-1125764967.30702,5.99105666666667,40020822397.2049,1.15435693124937,2.309707,73.652,121.273,2.66821926741747,"0",34150.1594558945
"Denmark","2005",34150.1594558945,3.69826776947122,5.94263795381957,24.4986889118824,47.452125515225,41.9476153409526,0.91,22.2064484414116,63681849579.01,4121372123.38959,5.99691,34028012496.5423,1.81781458291257,2.119752,69.267,111.142,2.33664130821947,"0",37284.4547535413
"Denmark","2006",37284.4547535413,2.94776333959838,13.6686746725305,24.2035383887553,50.7300470194145,46.6366891837203,0.912,24.298292041809,56289812700.04,5614230182.28368,5.94677833333333,31083835098.4521,1.92422138464588,2.22626,68.409,115.834,3.9130079783106,"0",38958.859532939
"Denmark","2007",38958.859532939,1.76904227311721,0.690467842854289,24.337963243396,51.4825350512378,48.5853161257883,0.911,25.2778355849778,73389669211.3201,5522777657.56807,5.44370083333333,34318338718.0697,1.69326586220319,2.353998,69.511,115.937,0.909238928302372,"0",41278.3268270571
"Denmark","2008",41278.3268270571,0.490391811126798,-2.49659286295402,25.1008900558313,54.1757974140397,50.6524324898078,0.917,23.9840992692638,-38885897718.53,16554672837.7737,5.09813083333333,42326707926.7705,3.41626794258375,2.251272,67.182,107.446,-0.512016744849106,"1",40361.0963878281
"Denmark","2009",40361.0963878281,-3.43211477058243,-12.9674139108456,27.9349997229178,47.1260734604538,42.6289658299793,0.914,19.0883667318809,65205046149.6001,2390253594.47888,5.36086666666667,76617709422.3139,1.30470991024336,2.232205,64.924,106.703,-4.90654772965155,"1",43035.8920627169
"Denmark","2010",43035.8920627169,0.783607688430436,-5.74674528206883,27.365847979969,50.5229276395878,43.5770492484191,0.917,18.076046184296,202732399967.07,11194035263.6238,5.624075,76510022325.9157,2.31092436974789,2.105173,63.005,104.849,1.87099114718497,"0",44403.3848413929
"Denmark","2011",44403.3848413929,0.275766796087225,0.388452503346187,26.5646659565541,53.8201489280677,47.4256465609762,0.93,19.1269610928281,294047489880.44,-435906393.005073,5.36871153508772,84955222078.4165,2.75868226051246,2.106828,59.047,97.155,1.33677776690328,"0",44803.9682421214
"Denmark","2012",44803.9682421214,0.512421881501581,3.73330286373319,26.4714555321051,54.6304940173438,48.610476322948,0.931,19.4663909354907,283286059866.974,5411285380.97363,5.79247553703916,89697829678.4592,2.39791485664639,1.996295,57.616,92.572,0.226499791802965,"0",46726.8541437832
"Denmark","2013",46726.8541437832,0.27940407521811,2.73276588975415,26.0074876343271,54.8288189867113,48.2213220971567,0.933,19.6908056273214,347078738036.729,6327998758.53024,5.61631168617622,88676584007.3309,0.789071780078061,1.951923,54.62,90.145,0.933340972371226,"0",47901.4473627066
"Estonia","2004",14522.4734639209,8.08274828899232,5.50799191436369,17.5042449858023,61.0869516296654,68.9074634010622,0.821,34.660830748836,686017220.32932,-698555747.117606,12.5955635879843,1791730276.65348,3.04811107523412,0.924236,99.418,288.777,6.76745741584872,"0",16624.9117480039
"Estonia","2005",16624.9117480039,9.69313108085821,15.4262700543093,16.9647343298581,65.4743048626097,70.5461244352737,0.832,33.3772506135952,775893032.46215,-2212237339.53159,12.5837865859395,1947311946.75443,4.07971423199846,0.9649968,99.322,274.185,9.49029874209133,"0",19307.4501937681
"Estonia","2006",19307.4501937681,12.8164652160119,22.7611582226605,15.985247470562,63.305992202955,73.4219523407727,0.839,39.8569391355289,-491666575.68474,-312038696.795068,12.4654837577722,2786325227.45502,4.43762042389211,1.157151,96.011,272.526,9.71876110311673,"0",22164.748517714
"Estonia","2007",22164.748517714,8.44800244165079,10.307383477419,16.087916006733,62.6084633438063,71.4003079382365,0.846,40.0142376766317,-2466638416.96148,-645706690.904776,11.4338529961624,3269362367.43126,6.60132603055634,1.037318,92.312,276.966,7.57357803884031,"0",22830.0896302879
"Estonia","2008",22830.0896302879,-4.4691828804449,-13.1060387712037,18.6918171739565,66.3115599767909,70.2113607134773,0.848,31.5965899372087,-3106924200.6095,-687425319.128922,10.6944430938413,3971834388.52859,10.3623580313683,1.161841,84.723,243.48,-5.08894035136528,"1",20608.8957894538
"Estonia","2009",20608.8957894538,-13.6771699921174,-37.1962743195023,21.1126365246484,60.5219559984298,55.5858785344106,0.846,20.8915950261371,-2733925106.51036,-503313255.683766,11.2574308850767,3980641012.81399,-0.0784083112810205,1.009114,77.471,229.24,-14.4338701884722,"1",21815.0168398281
"Estonia","2010",21815.0168398281,-0.902100949354235,-2.20410723917558,20.0629761417697,74.4333630781596,68.0656490720065,0.852,21.5133610516629,-1773921061.07265,-1350833077.00115,11.8068482348947,2567138087.1289,2.97204512015696,1.085489,67.753,203.039,2.69033559857637,"0",24780.9793651933
"Hungary","1996",9329.28754172332,-2.4431329065273,4.58881826908093,21.6332914695453,41.8827893497962,41.4094173164446,0.75,24.8090330307393,-1322269490101.62,-3271764349.0062,152.646666666667,9757457991.38665,23.4690301919185,0.8632687,120.735,296.354,0.0824118000692522,"0",10397.6813631166
"Hungary","1998",10397.6813631166,4.83370323333479,11.3942802570891,20.9157623928713,52.9301860857864,54.4997145406537,0.758,28.7153620794694,-976008355206.516,-3028062660.39959,214.401666666667,9347792438.71177,14.1537896545341,0.9870427,121.911,292.771,3.89999839455832,"0",11858.3344508621
"Hungary","2000",11858.3344508621,3.10124366362825,5.99017034420497,21.197290433871,66.8578897770738,70.5487114580459,0.772,28.0649009775705,244179711356.663,-2141668124.96353,282.179166666667,11217315165.5179,9.80361016908127,0.9825234,114.498,271.44,4.47919119279798,"0",14526.3882629125
"Hungary","2002",14526.3882629125,7.88336411104562,7.68316084276593,21.8644477966697,58.1369735753857,60.1831355869059,0.788,25.6034191856204,575298487286.032,-2470516243.31789,257.886666666667,10383091414.6763,5.26544821583986,1.050705,110.102,259.032,4.7412834664994,"0",15465.3653776334
"Hungary","2003",15465.3653776334,8.4277100001955,1.15500508271262,23.0093785289298,56.3331580938058,60.2730161806239,0.797,24.6077428066996,1268335359414.72,-8315913.99075049,224.306666666667,12793544668.5651,4.66101694915256,0.9579552,110.787,257.047,4.08452398526845,"0",16230.2606619991
"Hungary","2004",16230.2606619991,2.01269161813565,7.93517141106493,22.0559292328292,59.6543880981468,63.6133144524978,0.799,26.8836463525937,1130116051904.11,-2888600992.16497,202.745833333333,15965389147.5829,6.74434679569463,0.8630024,107.639,252.792,4.82285347250544,"0",17073.5514251442
"Hungary","2005",17073.5514251442,2.86005362852964,3.61554010161707,22.1676862231707,62.6425760409987,64.9505122617302,0.805,25.3177432988219,1305350602782.12,-7425862216.05051,199.5825,18602833677.5891,3.56151711378355,0.7717035,107.4,256.342,4.24362288413205,"0",18337.2051748
"Hungary","2006",18337.2051748,1.54941760985203,0.738571123698108,22.0174007565872,73.8689140152455,74.9985883953804,0.815,25.789611322019,1451635997550.13,-359697187.650419,210.39,21589904536.919,3.93032603841,0.8729004,103.721,249.886,4.03101326691535,"0",19041.0878871359
"Hungary","2007",19041.0878871359,1.03922661183984,4.60465795997611,20.8110820867169,77.9422800396352,77.4045849464283,0.818,24.2778779605086,938847634162.81,-2352495092.56016,183.625833333333,24052210871.1505,7.95874516544909,0.7084755,106.415,245.63,0.242181101313662,"0",20696.7285678852
"Hungary","2008",20696.7285678852,-1.27261328165402,1.18455690934205,21.3996174868508,79.2756977025513,78.9195794670057,0.822,24.6247313066493,-423556592999.4,-1457150599.42917,172.113333333333,33873898857.8996,6.0425125388106,0.707319,100.347,233.087,1.0582892500439,"1",20689.0466371344
"Hungary","2009",20689.0466371344,-6.71958659586734,-9.12166006432898,22.0713233491056,74.3996204739661,70.3684527450478,0.828,20.263332469583,43409928653.5,-972285892.537609,202.341666666667,44181292716.986,4.21171171171172,0.6731957,98.903,228.461,-6.69955413727229,"1",21716.6509050862
"Hungary","2010",21716.6509050862,-1.2272729790984,-9.46602723436285,21.4423830905386,81.2664451919288,76.0012788325149,0.831,20.4812354659482,153982514829.4,-3936697507.46568,207.944166666667,44988182851.216,4.85555795691951,0.6587321,94.911,218.943,1.12217824979848,"0",22999.8306052769
"Hungary","2011",22999.8306052769,0.850391865043989,-1.30126687440399,20.6238296011147,86.1885379299848,80.0993042436607,0.828,20.2916049930142,2400715914904.1,-1961626797.91999,201.055,48831918088.5214,3.92992098935075,0.6647402,92.995,206.225,1.93710779352188,"0",23206.2551155971
"Hungary","2012",23206.2551155971,-2.25197117149969,-2.98974987231787,20.0086063905821,86.1058589499374,79.3488084696012,0.831,19.2858666745965,4074036631324.97,-2877531842.00942,225.104166666667,44670620404.4239,5.65214517088651,0.6230615,89.303,195.724,-1.38062332775523,"0",24498.6587673236
"Hungary","2013",24498.6587673236,-0.152784570539538,9.7990805791888,19.7627143711713,85.582775300321,78.5912775181474,0.839,20.9234714561327,6968572602020.65,-278231951.296789,223.695,46508013997.58,1.73319984983107,0.6926903,85.688,182.243,1.86075162441399,"0",25642.5566762677
"Iceland","1996",24714.8133522057,5.03111895885151,22.3150515862103,21.1580782833468,35.79892332532,35.3062278032248,0.836,20.7585180299457,-13168267497.781,-19734786.8301715,66.5,471824526.674067,2.26041898267296,1.860767,58.112,95.225,4.56712352159758,"0",28719.9520564715
"Iceland","1998",28719.9520564715,11.7816877662181,30.5681863117217,21.2602388044807,33.7681436186603,38.1149706621365,0.855,25.8635829989853,-66700227533.4736,-78871018.6955283,70.9583333333333,442513292.051392,1.65924170953426,1.914617,55.6,84.137,7.36279033136813,"0",29792.0463772877
"Iceland","2000",29792.0463772877,3.94888785546182,11.9239258422919,22.7170682212291,32.129906349249,39.0091014192339,0.867,24.9318139617011,-186844227442.123,219394452.133569,78.6159466666667,405074266.016599,5.13647123245151,2.030386,59.117,98.715,4.98504277020335,"0",32607.1058796568
"Iceland","2002",32607.1058796568,-0.724789205637919,-12.3836222103557,24.5183510516401,35.5152001018962,33.9168111859217,0.881,19.810391208826,-161441889414.747,250310280.444481,91.6616666666667,461532295.232005,5.1970223021663,2.020225,54.311,82.738,0.559519082007625,"0",32665.5424036012
"Iceland","2003",32665.5424036012,5.93855836056211,9.25231541467892,25.2547511892302,32.6221430306214,35.5770687181891,0.887,21.2919615404607,-46785324704.5318,47943493.6735367,76.7089825,818644873.119899,2.0556632975374,2.106059,50.724,66.85,2.14268837866911,"0",35586.6877529688
"Iceland","2004",35586.6877529688,7.14868133478974,26.3446492379683,24.2964664236701,32.4099789513317,38.0219231089409,0.891,24.8448359791472,14956458958.1533,1826342574.26649,70.1916666666667,1074203553.34615,3.15819324298464,2.074324,50.672,73.303,7.80239950753543,"0",37322.7399272793
"Iceland","2005",37322.7399272793,11.6643036218859,30.2429733794088,24.455800340361,30.3583868009756,42.0922285709927,0.896,28.8707826419817,267755291798.368,3975844142.33413,62.9816666666667,1068602214.11431,3.98704782806592,1.973407,48.853,68.893,6.12443896533613,"0",39647.2273981964
"Iceland","2006",39647.2273981964,3.8496068262486,23.8159533842899,24.3065823884418,30.4055619713608,47.1305912305027,0.899,36.0722119805535,816995860338.941,1673898966.10331,70.18,2342225223.0951,6.68707906136661,1.893597,53.083,76.407,6.31699308637074,"0",41413.10223617
"Iceland","2007",41413.10223617,6.61761959027616,-11.0109177702382,23.8046959438688,32.8401013599868,41.830812198571,0.905,29.57486682989,-1341435656402.84,3344454082.55396,64.055,2631913597.34891,5.05155736492145,1.795479,45.538,71.115,8.45486009612951,"0",43728.1140564123
"Iceland","2008",43728.1140564123,-6.69592988174216,-18.4578167345589,24.2616429816329,40.300402396443,42.3876242998636,0.899,26.0213544622896,190047541965.605,-4982878838.21287,87.9479166666667,3570697294.05494,12.6943942775878,1.83181,39.741,63.474,2.20949641882098,"1",41895.0057150338
"Iceland","2009",41895.0057150338,-12.4989257368375,-47.4573880669277,25.3037992142954,48.7198050779344,40.674938132502,0.898,15.3230869349392,353777184411.318,2208552244.61118,123.638381413044,3882623015.92261,12.0031298461743,1.635219,39.946,73.242,-7.66380956025947,"1",39805.671156625
"Iceland","2010",39805.671156625,-0.261755120015422,-8.4111547718456,24.8210386129432,51.7462338383325,41.9001643434464,0.898,13.9091316774553,553955092795.353,-2748651912.9854,122.241811205165,5788562800.11708,5.39673113167484,1.585464,36.334,70.548,-2.83277491540855,"0",40936.867830513
"Iceland","2011",40936.867830513,2.14377205190452,10.9296508110458,24.8755883448437,54.5455362550712,46.8631654936856,0.907,15.5831625461647,936964775703.982,-1082906199.98412,115.954039762284,8548042323.47084,4.00102664343116,1.583131,42.297,58.852,1.84577915624217,"0",42004.4476110597
"Iceland","2012",42004.4476110597,1.81968471639689,5.14132243824244,24.7561661259953,54.9260547223621,49.1594207493416,0.915,16.0158559712784,689393343087.816,-4229093310.64079,125.082787013769,4191506843.5824,5.18589988750705,1.490882,34.35,66.886,1.06363660743763,"0",44409.6689530904
"Iceland","2013",44409.6689530904,1.06832786164705,2.23279403259724,24.3501065384389,53.2477515083307,45.5417720940414,0.927,15.4696419220461,722095225157.881,54508979.0990451,122.179121320458,4237652258.59372,3.8722792374824,1.490203,38.876,67.441,4.55246032015108,"0",45996.9687476901
"Japan","1996",24515.11627925,2.08605454037067,6.49464016506145,15.4482567649835,9.47906921723545,9.0454309367184,0.847,30.8651522070174,4.1937e+13,26440694396.687,108.779056666667,225593968189.507,0.136600358575938,0.9102908,49.248,98.603,3.09999929079811,"0",25074.057693144
"Japan","1998",25074.057693144,-0.587147455187974,-3.98599110782919,15.964138608831,10.5244802339333,8.70754147415809,0.849,28.515170866541,3.2687e+13,17293070283.0307,130.905300666667,222443261241.454,0.661974191385916,1.065328,49.109,100.596,-1.12840982877319,"0",26838.6913604846
"Japan","2000",26838.6913604846,1.57613283488858,0.508929341298426,16.8520388983608,10.6244850068159,9.19516770266524,0.858,27.3071314927113,2.77275e+13,34339324665.5464,107.765498333333,361639097011.665,-0.676578683595063,1.199341,47.658,98.25,2.77963282512113,"0",28160.1076146939
"Japan","2002",28160.1076146939,1.18202436504515,-5.11089763675592,18.1271320822146,11.0182210299423,9.66739032943129,0.864,24.6555043526358,3.79638e+13,19344378431.0937,125.388019166667,469618129427.641,-0.923494026942291,1.068673,45.397,94.849,0.117992776889338,"0",28924.6821605164
"Japan","2003",28924.6821605164,0.658776054355428,-0.771977054368037,18.1933590699431,11.6392934662293,9.94383593192636,0.867,24.3972311252197,3.35083e+13,25693039711.6221,115.933464166667,673554461758.647,-0.256541816316074,1.217828,44.945,95.667,1.52822014817859,"0",30348.0417430518
"Japan","2004",30348.0417430518,1.31079742008311,0.109898491821639,18.1029296763278,12.9720323077118,10.9503241482064,0.871,24.3486227684219,4.176e+13,33085785004.4804,108.192569166667,844667163385.489,-0.00857338820299998,1.36378,45.363,92.494,2.20468788221162,"0",31663.4530989772
"Japan","2005",31663.4530989772,1.23529820162413,3.09262219110363,18.1172214370099,14.012441121792,12.5030526614629,0.875,24.7494718895669,6.79781e+13,46205395349.6241,110.218211666667,846895906145.13,-0.282946068764487,1.290751,45.04,92.496,1.662670405285,"0",33090.1962558485
"Japan","2006",33090.1962558485,1.03439088038692,0.380404593833148,17.9529027214372,15.8729022962927,14.458879322927,0.879,24.7486285768839,7.78346e+13,60549386566.5095,116.299311666667,895321278049.835,0.249355116079096,1.589435,44.086,88.98,1.42000655604306,"0",34501.5090143849
"Japan","2007",34501.5090143849,0.93574139739323,-1.91056884773155,17.9456117325906,17.4933165716298,15.6005719141407,0.882,24.4834472534843,1.055389e+14,51358484681.0392,117.753529166667,973296740492.651,0.0600394544986868,1.447718,43.215,87.057,1.65418388105051,"0",34798.7658977271
"Japan","2008",34798.7658977271,-1.01578044303173,-3.78943545475884,18.3594425902657,17.4240377234641,16.9749827016931,0.883,24.5478482788209,7.32209e+13,89018788218.0295,103.359493968254,1030762755205.19,1.38007886164923,1.460432,42.712,85.331,-1.09354060044625,"1",33198.6164013794
"Japan","2009",33198.6164013794,-0.705884850528676,-9.74014698498696,19.6346483459686,12.5209141554358,11.9699857610097,0.882,21.3236745175189,6.71246e+13,61450645280.7978,93.5700890870457,1051654952502.29,-1.35283672951722,1.454036,41.645,84.429,-5.41641279666185,"1",34986.9945402402
"Japan","2010",34986.9945402402,2.4004290360065,-1.5930519473834,19.4916038428001,15.0367569834071,13.5762507297335,0.887,21.2974856396642,7.24796e+13,72215534552.4662,87.779875,1104563760972.07,-0.719979429159149,1.527408,41.443,82.824,4.19173925854747,"0",35774.6967129559
"Japan","2011",35774.6967129559,-0.38640712707128,1.65567354610148,20.1877867395456,14.9249962098743,15.4680067601598,0.892,22.1033010214516,7.87058e+13,117685915139.306,79.8070198321892,1295838676317.29,-0.267633600966946,1.472547,45.246,83.271,-0.115421339757418,"0",37191.3859456258
"Japan","2012",37191.3859456258,2.02896090167937,3.54374637098844,20.2524379885776,14.5447525563827,16.0913711326959,0.897,22.6544234531794,8.58274e+13,117085390234.641,79.7904554170065,1268085524238.3,-0.0519390581717368,1.415494,39.807,76.983,1.49508958593034,"0",38974.0794886127
"Japan","2013",38974.0794886127,2.36859936680823,4.93136501017995,20.1657632047341,15.9153981234384,18.2321241332052,0.902,23.190909893087,1.034644e+14,145036160640.494,97.5956582776385,1266851401020.24,0.346440325653898,1.618248,39.191,75.013,2.00026784118108,"0",39179.155610609
"Latvia","2010",17656.5120451891,2.14476037409635,-19.7295346460622,18.2698509260747,53.4511796655069,55.5467604918587,0.824,20.6847894792444,-1921539628.7657,-372158418.326118,0.530475,7605713123.87978,-1.08463595015159,0.7086402,98.658,263.085,-4.4068236355224,"0",19879.2027290497
"Latvia","2011",19879.2027290497,3.08973760920419,24.0652573892228,18.071422825372,57.8830262174575,63.625505682724,0.829,26.6731610403814,-625472694.4617,-1411691737.49323,0.501233333333333,6378031224.81066,4.37073559939221,0.6980593,94.852,247.424,6.46884995004382,"0",21407.5197265207
"Latvia","2012",21407.5197265207,4.25066130899742,16.0229669951001,17.2677333967914,61.1077676975383,66.4194980077343,0.832,27.2730039794509,469041063.127872,-919475458.849257,0.546875,7524707959.69827,2.25778924374594,0.8383234,87.355,243.192,4.25172304811186,"0",22812.9150890235
"Latvia","2013",22812.9150890235,5.57121378278693,-5.98794370509526,17.5297784594207,59.93492935543,64.269155316587,0.839,25.0640723328227,889063159.954292,-495450664.354446,0.529391666666667,7895272079.61742,-0.0294547782578977,0.8890542,93.69,242.15,2.31017607605585,"0",23803.8094030424
"Lithuania","2010",20112.0978087158,-3.08081160806745,1.47532327840021,19.8449958662449,63.9423585065945,65.9450243568191,0.831,18.1257054645364,171121827.414379,-995861483.601732,2.60633333333333,6598353673.96233,1.31921362055463,0.74308,98.028,284.275,1.65124065328366,"0",22884.8249519631
"Lithuania","2011",22884.8249519631,4.31732837658949,20.146743334372,18.3195460074806,72.8810089085961,75.5662102013822,0.838,21.9624648052468,1327123601.15978,-1065438727.77279,2.4811,8201664834.38474,4.13027562645087,0.7037199,96.743,272.305,6.03900816040344,"0",24703.6858202502
"Lithuania","2012",24703.6858202502,3.08601316606449,-1.77829532095673,17.4547517173143,78.2266282268662,77.6165324305661,0.841,19.7601669887094,2619119575.48924,-255287867.833406,2.68629166666667,8529340677.06854,3.08998277055416,0.8332841,93.203,266.341,3.8438647490634,"0",26721.5796712844
"Lithuania","2013",26721.5796712844,4.30972077945493,8.2994738024839,16.656491019674,78.668573312647,77.2182175559891,0.847,19.5257637649991,2530113824.37476,-436800371.870407,2.60100833333333,8072525980.62758,1.04747937065349,0.8317525,91.556,265.849,3.55007284270485,"0",28184.4723303858
"New Zealand","2000",21514.4775494886,1.38187118744837,-0.247917130138759,17.0904296597936,35.7454584901409,32.7714683867522,0.876,22.0345630387436,-33717926098.2147,-2633023382.65499,2.20114916666667,3952081062.22381,2.61523446246318,1.659819,67.088,104.312,2.9050229876697,"0",23306.2795376277
"New Zealand","2002",23306.2795376277,4.98508706781631,7.922655610915,16.7597517402594,32.8470717038637,29.8089228515842,0.888,22.7465398243836,-26500093540.441,-1441864001.89419,2.16219083333333,4962816762.42559,2.6770925771161,1.738428,64.566,100.426,4.67440183262522,"0",23961.418766871
"New Zealand","2003",23961.418766871,6.21344282526518,14.3692069607483,16.8073798286529,29.8397254017245,28.0750439440285,0.891,24.128385766287,-29107297860.9181,4009309522.45554,1.72209914639778,6085430341.53138,1.75357444759553,1.826235,64.71,98.588,4.54980201026251,"0",25080.0399478
"New Zealand","2004",25080.0399478,5.35590737194693,8.17632606758869,17.0698568184318,29.5434106069527,29.2561416675833,0.894,25.2816076708571,-39373248479.8877,-1466137711.61376,1.50868127077323,6947354918.07845,2.2902490284757,1.961784,62.964,93.11,4.02813943519369,"0",25677.4190803252
"New Zealand","2005",25677.4190803252,4.61369927422275,5.7355557714145,17.9474275333411,28.2851654320382,29.7335780086782,0.896,25.4208681883182,-51766943405.9097,-2547518163.80027,1.42027345661433,8892727557.55882,3.03702332617015,1.746396,59.596,94.411,3.32114411260689,"0",27744.7358884648
"New Zealand","2006",27744.7358884648,2.91318541531942,-1.71036704501284,18.3612009023046,29.6086137531685,29.9946512871794,0.898,23.7593311783447,-62363834351.5247,-3312502764.40405,1.54205575669681,14068475834.3701,3.36540196171992,1.587881,59.427,90.167,2.88093784352137,"0",29355.6648246194
"New Zealand","2007",29355.6648246194,3.7860075152478,7.77548110077657,18.428481890793,29.2731139479196,29.1520466269894,0.901,24.7759451018626,-69056245586.7734,-344882071.743052,1.36067522852426,17247175110.1585,2.37614310290657,1.664326,58.429,91.593,3.02751055535168,"0",29827.1425475385
"New Zealand","2008",29827.1425475385,-0.809060140566814,-7.21664768094445,19.7871239559465,32.0787092277964,32.3300212242484,0.902,22.7273687211598,-84819713169.1764,-1752697387.11544,1.4227268095265,11052155510.1672,3.9589493731206,1.678087,58.291,87.738,-1.11504132366444,"1",30700.5585671542
"New Zealand","2009",30700.5585671542,1.52172552230185,-10.0117089925518,19.7795241550742,28.73391077007,26.4118122352772,0.905,19.7352642982497,-88315071504.2527,-2020193743.88431,1.60087729521947,15594002509.4738,2.1156511055456,1.85184,56.586,87.298,-0.135169931041062,"1",31239.1913090553
"New Zealand","2010",31239.1913090553,2.18378111690909,3.76549948223195,19.7012914203657,30.2736276814431,27.9779878234698,0.906,20.1748777920941,-86819982122.343,746956268.907481,1.38783382768108,16722654735.8853,2.30202385958576,1.816404,54.4,85.44,1.52799413545586,"0",32701.3785970948
"New Zealand","2013",36242.6212285958,3.89519835435334,9.45093151156553,18.7419724819904,28.8135811643821,27.203567117568,0.914,22.136834011332,-81777643695.2645,-1344655282.77846,1.21940797394829,16317764962.7089,1.13442266445812,1.758012,52.507,80.56,2.69578385886643,"0",37293.3567850718
"Norway","1996",26759.7334146789,6.32327197496154,9.36014128515149,20.365004475325,39.9423707086184,31.1781293141375,0.887,22.7998847034908,106517961840.666,2706566982.28221,6.44980833333333,26953896227.8296,1.26253249164498,1.950876,63.729,106.706,5.02794717187143,"0",28185.2502685232
"Norway","1998",28185.2502685232,2.82856152784952,12.3106232815916,21.3662053443239,36.9081086471718,35.1146600090442,0.904,28.3147549214308,12818282066.933,-1154207603.18153,7.5450975,19388853820.2512,2.25241329996425,1.984174,61.963,108.449,2.62442622196583,"0",36952.554147058
"Norway","2000",36952.554147058,4.18091258025011,-3.2899032047461,18.8866987818479,45.7323541763557,28.9192540485098,0.915,21.8389645474672,39105114289.428,2470910554.65099,8.80184166666667,27922060281.5661,3.08550609131277,1.897057,61.089,106.629,3.20497922225218,"0",37980.3539761745
"Norway","2002",37980.3539761745,3.13607168427374,-0.353543983107514,21.6695301679793,40.3731263925136,27.2372785591015,0.917,20.4789670383453,-173535947233.305,4728193574.39805,7.98377883333333,32404966342.7747,1.28672528415185,1.895618,58.943,99.014,1.44625413960414,"0",38553.9324488694
"Norway","2003",38553.9324488694,3.19162493292792,0.489012047478624,21.9919104596251,39.6301695174664,26.9226544159214,0.923,19.5848587107588,-209661165145.367,2502509342.8681,7.08021666666667,37712335260.0565,2.48782553461785,1.89888,56.879,94.188,0.910105664307537,"0",42514.6859892361
"Norway","2004",42514.6859892361,5.44799054501573,10.1470219574418,20.8033000190688,41.0909019528665,27.9178584648518,0.932,21.6952137384886,-274668395052.798,2706323404.81144,6.74083333333333,44307531918.0843,0.454498502220854,2.080887,56.784,92.071,3.96941456013641,"0",47797.5299472052
"Norway","2005",47797.5299472052,4.4027030969733,11.8844887139529,19.4420868076023,43.4025448407452,27.4110333384087,0.931,22.6256754441109,-341376913289.506,21676267876.8855,6.4425,46985905052.1739,1.53213367609252,1.864108,55.982,88.359,2.62541993829724,"0",54088.0368382735
"Norway","2006",54088.0368382735,4.96104335710027,9.06637128053649,18.6393011469027,44.6445612247706,27.7112885927419,0.934,24.1816942251492,-430337267510.967,6643671610.97342,6.41333333333333,56841568846.0479,2.32934980757545,1.879103,53.192,85.973,2.39982842629603,"0",55862.6564232931
"Norway","2007",55862.6564232931,5.30845852766775,12.2519924455555,18.7287063548088,43.2984720699285,29.8857573463741,0.936,27.3812183188216,-582979045222.815,-1881082807.34759,5.86166666666667,60839629829.3958,0.712589073634205,2.024723,52.837,81.324,2.99425185125679,"0",61716.5997128422
"Norway","2008",61716.5997128422,1.6759562680996,1.12984095380246,18.5066491759011,45.9167117360736,28.9726476646376,0.937,26.1615057401164,-884317687986.051,15747871947.3908,5.64,50949819414.8049,3.75393081761006,1.84209,49.79,82.741,0.476379999491613,"1",55404.9745521694
"Norway","2009",55404.9745521694,0.0284557294516645,-7.01574902077733,21.5984395183656,39.2356785990914,27.8191182059897,0.937,24.7383034909476,-841831905002.406,1332335634.6921,6.28833333333333,48859300062.3353,2.19738586853571,1.841375,50.03,82.932,-1.72702030948713,"1",57963.8759448629
"Norway","2010",57963.8759448629,3.81067005120575,-6.42123643620339,21.3402076574805,39.7598437031518,28.4897157183215,0.94,25.4395270036917,-840936353501.639,8307773566.30724,6.04416666666667,53215083706.0825,2.41890639481001,1.878627,50.116,79.608,0.701833823862358,"0",62076.7406576686
"Norway","2011",62076.7406576686,2.36545993414757,7.45099470358817,20.9188081855334,41.2739648574507,28.3994280768709,0.942,25.9162246484832,-859266293157.719,2699870111.48449,5.60460730676329,49397087253.2418,1.28495158809159,1.837415,49.575,79.947,0.981434478585356,"0",65354.7792483883
"Norway","2012",65354.7792483883,3.49403931834151,7.54256147029595,20.7420042759019,40.6824371898883,27.5349664800191,0.941,26.414709858427,-900919735235.856,-530635440.893499,5.8175,51856399587.6549,0.696864111498241,1.908969,44.447,73.747,2.70310947059309,"0",66961.2530988205
"Norway","2013",66961.2530988205,2.8112360301737,6.33428306614947,21.1095966949985,39.1971735047655,28.3494463445193,0.944,27.8506224228516,-934429646896.178,13330852298.3973,5.875,58283142155.4752,2.12048620353119,1.885204,45.912,75.058,1.03407291353631,"0",65892.6892787813
"Poland","1996",8257.7236194561,8.76207275170502,19.7364287131964,18.5102003486943,22.06915074659,23.483145286955,0.753,21.6713707203338,61524314584.1053,-4.445e+09,2.6961,18018685657.574,19.7949669196707,0.6811826,91.437,240.011,6.11538070947437,"0",9487.37019690989
"Poland","1998",9487.37019690989,4.95403994230553,14.2455553867193,17.7012796840075,25.9486446286709,30.7904918934678,0.774,25.1387326368013,96281130574.7183,-6.049e+09,3.4754,28276350177.7805,11.5978554257236,0.6851199,89.252,234.724,4.64063436855272,"0",10676.7629895648
"Poland","2000",10676.7629895648,2.8975965191389,2.18508383026015,18.0708179076879,27.1883262545709,33.6802572670321,0.79,24.5841254911601,131724617692.981,-9.327e+09,4.346075,27469379417.1752,9.90017538843062,0.6061649,86.921,218.94,4.56102546838335,"0",11804.2662616751
"Poland","2002",11804.2662616751,3.87144334622857,-6.1028172674429,18.6369602099939,28.7131224037015,32.2742528446936,0.804,18.4091877263874,136424204222.262,-3.901e+09,4.08003333333333,29783862625.3915,1.90528215048054,0.5051503,81.427,205.384,2.03590350105117,"0",12275.7956677812
"Poland","2003",12275.7956677812,1.38182688735158,1.20115955618428,18.9211617277655,33.3504495061099,36.0957655768977,0.809,18.8046537103141,135870820035.68,-4.284e+09,3.889075,33958963963.2397,0.682701375787657,0.5459217,80.211,202.643,3.49839918393234,"0",13342.6145646128
"Poland","2004",13342.6145646128,4.3356970691063,6.70292566046238,18.3194350818945,34.2354604213308,37.2101970761694,0.807,20.2299668521077,143529780162.855,-1.1729e+10,3.65764166666667,36772763413.3981,3.38264681884694,0.4659075,79.424,205.111,4.98282212348474,"0",13896.7933802514
"Poland","2005",13896.7933802514,1.81608936246258,8.34571897437219,18.3337203315397,34.61157158289,35.9189524799855,0.813,19.8880397363028,174724706024.965,-6.907e+09,3.23548333333333,42560656301.1177,2.18379872390258,0.4783568,79.411,205.076,3.50684745343695,"0",15132.0722480162
"Poland","2006",15132.0722480162,4.72862106232328,15.3754174639025,18.5360252321094,37.8209533854919,40.1497618827208,0.819,21.6783504499121,160965524070.382,-1.067e+10,3.10315833333333,48473948178.8457,1.28469394366409,0.3737843,79.208,205.685,6.13114394606158,"0",16782.4390073383
"Poland","2007",16782.4390073383,5.64722684703574,19.0436316258469,18.1938142732512,38.5162878902711,42.3151675609764,0.824,25.1956197347723,115743202690.277,-1.7445e+10,2.76795,65724834524.5349,2.45874312385397,0.3872338,78.935,205.691,7.06154381310782,"0",18303.3529197976
"Poland","2008",18303.3529197976,6.6780072619363,8.80682259286982,18.6760591208109,37.8148698127136,43.0908911293114,0.829,24.6491247857956,58730502234.353,-9.908e+09,2.40924166666667,62183606683.5405,4.1649719352477,0.4732433,76.953,201.651,4.19996229248767,"1",19254.0922750374
"Poland","2009",19254.0922750374,3.44415343550671,-2.66656091265271,18.7527195204169,37.1422532388258,38.1255443596144,0.834,20.5600481040797,70789026812.237,-8.094e+09,3.12014166666667,79521599625.5025,3.79539242483406,0.5317568,75.725,194.365,2.83218458943098,"1",21088.6163287205
"Poland","2010",21088.6163287205,2.64324901006373,-0.0426535775986565,19.1751149398277,39.879212962835,42.0502141212183,0.84,21.5063268742173,96200940979.519,-8.879e+09,3.0153,93472504101.0455,2.58069370250546,0.6278063,71.02,187.605,3.74051777907684,"0",22827.6981360924
"Poland","2011",22827.6981360924,2.83778710470766,8.76760082955848,18.1418826756859,42.3942230351554,44.5570071509298,0.845,22.653299694426,142628917221.016,-1.3656e+10,2.96284777777778,97712435349.2056,4.23940149625935,0.6073814,69.818,183.327,4.75763800382072,"0",23745.6977950951
"Poland","2012",23745.6977950951,0.446582080798379,-1.77773638183119,18.0782559524763,44.2514731046751,45.0138040040851,0.842,21.2526225143861,171825411402.672,-6.031e+09,3.25654166666667,108902203543.974,3.56037151702788,0.6598141,69.056,179.576,1.32489082785044,"0",24567.5061660535
"Poland","2013",24567.5061660535,0.244627147356496,-1.0678055229977,18.3266291133183,46.0026088160493,44.5616265992358,0.856,19.2528924094141,144574255500.455,-4.206e+09,3.16061666666667,106221491035.509,0.99198260633235,0.662097,66.784,172.362,1.12576783609582,"0",25475.5046935928
"Romania","1996",5731.37949439277,7.5565324205471,8.40122893134432,11.6731209989726,26.4574936115282,34.3238757606892,0.702,23.0950938293071,17364192.7670877,-2.63e+08,0.30842175,3143305778.26157,38.8293013382852,-0.2869339,117.774,266.997,3.90770208816159,"0",5544.094539548
"Romania","1998",5544.094539548,5.97651478183407,-4.68377053089343,11.8926601761255,23.0154805621533,30.8233151479287,0.705,18.3829311197399,1462638298.81362,-2.04e+09,0.887557583333333,3795239426.86464,59.0965827541167,-0.5690975,115.471,262.959,-2.02981290571721,"0",5850.62422082304
"Romania","2000",5850.62422082304,1.54565226331972,5.85160513218068,16.8590050338122,21.58888431382,26.9324410712586,0.716,19.6695811091698,9298166762.89454,-1.048e+09,2.17087208333333,3395672575.31485,45.6665940440238,-0.3731693,110.229,250.838,2.4612634592269,"0",7162.30967298118
"Romania","2002",7162.30967298118,7.09522064213459,7.30760432806639,14.8243105242938,24.0130293587441,29.6972184551935,0.731,22.1726981083131,17892899110.2062,-1.128e+09,3.305543,7285846580.42939,22.5398862605386,-0.2003612,104.987,238.717,5.70299165043771,"0",7552.19864478736
"Romania","2003",7552.19864478736,8.38005384009368,10.2582769071124,16.0448025610991,24.2127350487918,31.9667919982326,0.739,23.1953192411743,17814610224.4267,-1.805e+09,3.32000708333333,9449445049.34238,15.2734889936255,-0.2584385,102.524,234.802,2.34114732919521,"0",8982.84504179288
"Romania","2004",8982.84504179288,15.8402829309882,9.60626847867918,14.7275942495003,25.743936265036,34.8825424019048,0.753,24.2165645026754,27557049505.3708,-6.373e+09,3.26365683333333,16095478768.38,11.8743635936399,-0.2056146,100.061,230.887,10.4281130180976,"0",9602.14943359016
"Romania","2005",9602.14943359016,11.2254421985297,11.5252065531214,16.2399747055988,24.5352206061523,34.8253288429032,0.762,22.9306854622381,33623851885.6613,-6168258156.81822,2.91365316666667,21601177535.0141,9.01491283343835,-0.3068253,97.598,226.972,4.6681480508487,"0",11541.2450618178
"Romania","2006",11541.2450618178,10.2068675477147,26.5452988239226,15.9232658405555,24.7712264990404,36.9123994274755,0.774,27.4669698502695,38795979749.9136,-10505020927.0527,2.80898333333333,30206004058.7066,6.55851412276983,-0.2101832,95.134,223.057,8.02881107599163,"0",13683.4376204046
"Romania","2007",13683.4376204046,13.8414708183355,50.9975840084707,15.3905496262431,24.710829049515,38.7943276239508,0.788,31.3370187913254,25080904174.3438,-9437017527.62591,2.43825,39974195968.9892,4.83732928313989,-0.3190752,92.671,219.142,7.23380774362805,"0",16782.0988607712
"Romania","2008",16782.0988607712,8.70237030149359,17.8461185264198,15.8811050644031,26.1553446185183,39.0194700376745,0.803,33.0931733534679,8604436911.66968,-13354821284.2976,2.51885833333333,39768375684.0995,7.85080255714483,-0.3241724,90.514,213.209,9.30746717077338,"1",16644.0389303758
"Romania","2009",16644.0389303758,-6.35110437815719,-33.9397461349053,16.1045586466913,26.0236122287219,32.4492215401029,0.806,27.1962371424524,-15137097765.3971,-4624155850.09678,3.049325,44383053889.5597,5.58742004264392,-0.3597497,88.356,207.276,-5.51739440805439,"1",16989.3070418903
"Romania","2010",16989.3070418903,-4.98797601804711,-2.75300492403308,15.4673902040531,32.3822714419377,39.0129882907659,0.805,27.1292462174642,-34399217422.228,-2978138616.07564,3.1779,48047830952.6969,6.09141668601892,-0.140585,86.199,201.342,-3.90123628018621,"0",17896.2758641785
"Romania","2011",17896.2758641785,1.06145517676512,6.08323250826972,14.2722207003562,37.0550979718903,42.9448984495873,0.806,28.1261837080971,-43647284881.0021,-2313269044.87376,3.04860833333333,48044368558.6277,5.78925328815882,-0.2061819,84.042,195.409,1.90606770748846,"0",18869.619212847
"Romania","2012",18869.619212847,1.91583637631018,3.14727198831673,14.5692685237271,37.5318245668167,42.8188045571546,0.803,27.0423189220801,-24760305890.6664,-3255018087.08516,3.4682,46711176509.7631,3.33492267693443,-0.1821148,81.884,189.475,2.04066513079732,"0",19781.9795699864
"Romania","2013",19781.9795699864,0.422531510442298,-5.90056813093688,14.2857165355472,40.0340615697363,40.9361860554189,0.808,25.4660315058496,29332502288.1955,-3915347492.2883,3.32791666666667,48827640845.6875,3.98471235548128,0.0991476,80.333,186.309,3.77096230437297,"0",20657.7070695521
"Singapore","1996",36914.2906672133,6.57911671473177,24.1142804393981,8.95385970545865,175.64311239295,159.268050895143,0.783,35.0401245569948,90226837788.1069,-2028451894.71464,1.41004083333333,76963971491.1019,1.38318052481878,1.993047,69.775,116.2,7.47137959039428,"0",37602.1779484559
"Singapore","1998",37602.1779484559,-1.93084215453506,-5.0219401888084,9.49364662390425,166.787570508849,145.291685165837,0.799,31.4900376302754,115473480425.291,-2337473771.63622,1.67360166666667,75077193404.11,-0.267502292876127,2.148715,64.809,109.781,-2.1953778262461,"0",43833.2209634865
"Singapore","2000",43833.2209634865,13.5842852629109,11.4147647621661,10.5041646441155,188.350890284751,176.013630183467,0.821,35.1740359977879,126305832135.546,-8666947672.90103,1.72396333333333,81084978988.8664,1.36162392448455,2.199069,58.464,101.838,9.03914675133963,"0",45120.4076999013
"Singapore","2002",45120.4076999013,3.44865890234212,-9.15398864025423,11.8403288872956,184.086118066532,165.659895919145,0.833,25.0736127933875,133132605241.081,-3321924916.67078,1.79058833333333,83413380412.0008,-0.391676866585079,1.854913,52.119,93.895,3.91460974541297,"0",48756.5625513753
"Singapore","2003",48756.5625513753,1.28317377980787,-5.15637260396817,11.4140839970397,202.586206389804,174.632357911778,0.842,17.2245248736318,149958961604.673,-13325692856.6646,1.74218333333333,97742808490.4118,0.507905300237539,1.947802,50.977,91.427,4.53577965386324,"0",54301.6977527417
"Singapore","2004",54301.6977527417,5.25513678381672,10.2940876801878,10.318670184588,213.951695442646,187.572017095863,0.849,22.8924616706012,174934797347.555,-11251675069.5419,1.69022833333333,114161298698.232,1.66272719863073,1.989663,49.835,88.958,9.81959167704964,"0",58717.2171494993
"Singapore","2005",58717.2171494993,4.09592112463257,3.63987399654506,9.89714323321879,225.159667736916,195.270845183643,0.874,21.506936250429,194939512235.349,-6763528544.11281,1.6643975,118061328490.524,0.425106276569101,1.958422,48.693,86.49,7.35903367713455,"0",63910.0846986138
"Singapore","2006",63910.0846986138,4.38507042201104,9.43817340397463,9.90693550272105,228.037617061062,197.325782481957,0.881,22.3792634447668,225757889277.906,-19066249895.1079,1.58893333333333,138652617421.388,0.962901778165128,2.212474,47.551,84.021,9.0051437297946,"0",68628.382588078
"Singapore","2007",68628.382588078,7.0050279115494,15.5048053428897,9.13612734398836,212.779393731371,181.509078187707,0.882,23.0659529090098,238653578451.966,-6455702501.82192,1.50710166666667,166160593181.672,2.10488003633213,2.375459,46.409,81.553,9.0221330140233,"0",67576.8628304768
"Singapore","2008",67576.8628304768,4.27628153922146,10.7558483903177,10.1132139112862,228.993770935119,208.332943955938,0.888,30.1596763689779,266180878491.927,-5633910991.24591,1.41486083333333,177543472508.27,6.62778177352127,2.436975,45.275,79.197,1.86824553416074,"1",66149.0046454714
"Singapore","2009",66149.0046454714,-0.275748142574244,5.48696635394066,9.92997384864082,190.844935011128,167.347876817714,0.888,27.3701152111674,297637759928.3,8603556831.96541,1.45451471343873,192046029172.212,0.596720257424972,2.270797,44.141,76.841,0.12098274173087,"1",75294.35655382
"Singapore","2010",75294.35655382,4.35079681035553,6.75048645412363,9.691568385966,197.998960793027,171.686594994619,0.909,27.6582275190447,308225183002.386,-19915243153.385,1.36350833333333,231259743357.534,2.82366134885609,2.241065,43.006,74.486,14.5256389940627,"0",80052.3914982651
"Singapore","2011",80052.3914982651,3.96067952631816,6.36544967705753,9.23684263701949,203.327708649538,175.770922728001,0.913,26.6919943455279,299868762016.099,-17255458936.3221,1.25777587719298,243798272471.038,5.2477933984048,2.154623,41.872,72.13,6.33787081384082,"0",82064.9611910836
"Singapore","2012",82064.9611910836,3.72339640028119,8.62966719182874,8.85786688468844,196.719612875759,172.493352911906,0.918,29.2629426703058,302896665854.491,-34830382359.0453,1.2496762037037,265910197708.28,4.57560270376522,2.165925,40.738,69.775,4.46160895101333,"0",83001.7878013707
"Singapore","2013",83001.7878013707,2.81529519382384,6.15890190030122,9.74421772737465,195.077796338143,171.963983710876,0.921,29.9795021855415,289676655683.469,-19110684887.7168,1.2513,277797711589.929,2.35860415399836,2.089236,39.676,67.973,4.83729864576097,"0",84423.1913432675
"Slovenia","2004",22742.0896727179,2.53610667137534,5.54413808924849,18.8253164186766,55.0547884264148,56.50175261216,0.864,28.7976168108594,16424152.9911964,-281500000,192.381124333333,8899759020.47717,3.59297594249513,0.9227307,70.931,152.943,4.35919277843995,"0",23852.6430383942
"Slovenia","2005",23852.6430383942,2.06615105677589,3.6125344784105,18.9082215735669,59.8112707812506,60.4513470233788,0.869,28.46096851835,2057860523.87334,88500000,192.705468,8159730011.99654,2.45150132316474,0.8928185,63.55,140.076,3.79797264198646,"0",25686.0292288631
"Slovenia","2006",25686.0292288631,1.29041927706717,10.2491746278731,18.6533028034237,64.870215419655,64.9181780394435,0.876,30.2915847019262,-426272514.119299,214495880.713874,191.028257833333,7139432999.07756,2.45792444195864,0.96356,56.615,148.874,5.746396900645,"0",27536.6834687288
"Sweden","1996",23875.2585047697,1.81620100475052,5.02465353868946,25.8357808134596,36.028866805627,30.5096415212576,0.869,20.6080041544974,68584544621.4244,-379987278.967645,6.70595583333333,20843371292.358,0.533131978766251,1.921917,58.808,94.483,1.57945640649923,"0",25886.7912323208
"Sweden","1998",25886.7912323208,3.34062114267535,7.73712404522287,25.3735766325035,40.0209948883021,34.3193963505124,0.894,21.5937071073735,-155417601262.671,4473104307.91168,7.94986816666667,15457236697.6273,-0.267132668354967,1.95586,55.904,90.303,4.31183635326269,"0",29631.1608906659
"Sweden","2000",29631.1608906659,5.4221589370102,6.49117790629892,24.5318918954833,43.2584584604537,38.2190734717217,0.903,22.9100251603824,-131826925862.023,17414879019.4224,9.16224416666667,16498728321.8885,0.899143734041743,1.962457,56.208,87.232,4.7663488714872,"0",30926.5055989396
"Sweden","2002",30926.5055989396,2.26354991467031,-1.41064876801892,25.4515967142048,41.2470904455775,35.9715602601049,0.908,22.1393999852213,-221611060661.271,-1714855120.2823,9.73712333333333,19170723588.9644,2.15848213589263,2.026078,53.316,84.604,2.1969210621746,"0",31782.0762485717
"Sweden","2003",31782.0762485717,1.64112171385942,2.41294113670001,25.7127015543631,40.3257049709808,34.9198886945354,0.913,21.9458038705392,-142061328917.049,16334968794.4065,8.08630416666667,22168538425.3524,1.92565534892387,2.082848,52.088,82.312,2.30981059032811,"0",33830.5548935291
"Sweden","2004",33830.5548935291,2.87677179317589,5.45530217138592,25.0213236265783,42.6906424082589,35.9005071737132,0.901,21.8534135822491,-164840323950.6,11329162031.6876,7.34888666666667,24768805295.0333,0.373659828721796,2.12182,50.547,81.84,4.33685615384474,"0",34244.4650156257
"Sweden","2005",34244.4650156257,3.15172554244741,4.89383534612044,24.8966508988992,45.01548061554,38.7359970795797,0.904,22.2789854268982,-57013762701.9099,17494702866.6343,7.47308833333333,24867578418.1736,0.453170852576176,1.892862,51.076,79.604,2.85880323990261,"0",37679.6951105651
"Sweden","2006",37679.6951105651,2.99348731335868,9.00251958451506,24.6292687114709,47.4874330005625,40.7079804771039,0.908,23.2559003712118,-15622912421.79,-449796007.818305,7.37824916666667,28017219694.0134,1.36021468627688,1.804315,49.434,77.773,4.66277355175126,"0",40855.4999180551
"Sweden","2007",40855.4999180551,3.98779923998961,8.28030708802,24.1465624263992,47.6102603456699,41.5518218655185,0.91,24.8815008863716,161685517379.5,9747824804.71781,6.75877,31033035734.4712,2.21216883436735,2.025398,47.552,77.631,3.43922177600065,"0",42158.2956995539
"Sweden","2008",42158.2956995539,0.418687057630024,0.390231247739692,24.6375342039409,49.0869229216005,43.4772275092146,0.907,24.5907029754242,17585679736.0498,-6671950489.48653,6.59109916666667,29727344091.6924,3.43704910602875,1.956433,47.389,75.892,-0.450559256743361,"1",40309.1125419176
"Sweden","2009",40309.1125419176,1.03803405241223,-12.6659563961032,25.9990296803482,43.4539788044118,38.0548772330147,0.905,21.0366318115796,442516670733.48,17513961646.6557,7.65381916666667,47255415701.1354,-0.494460544378046,2.045359,46.728,74.488,-4.33979057452935,"1",42256.1621212554
"Sweden","2010",42256.1621212554,4.1691505304583,6.23776788412135,25.0323694915548,44.6788529489048,39.5695242391316,0.911,22.9620372393966,607040993087.37,21497722410.9231,7.20752416666667,48246149255.6656,1.15798802715629,1.967712,43.121,71.863,5.95210700755608,"0",44608.5802614915
"Sweden","2011",44608.5802614915,1.99040025170699,5.9521210368858,24.9371966292059,45.2711911918356,40.5198362082725,0.912,23.834271527842,772899541609.86,16794642420.5096,6.49354333333333,50213891950.8524,2.96115073822139,1.930918,43.573,70.821,3.1953332348894,"0",45432.4319692761
"Sweden","2012",45432.4319692761,0.731386583105191,-1.07776960948117,25.7501697796951,45.027525416194,40.2547256461647,0.914,22.5912255288818,924810827727.064,13221654816.0758,6.77501583333333,52245310612.4755,0.8883775069237,1.920104,43.703,68.068,-0.588304568990736,"0",46312.3923824667
"Sweden","2013",46312.3923824667,1.79346969754131,0.537099258645384,26.1965782564076,42.5268091342415,38.2888561427337,0.933,22.5231258457764,1158590260658.09,26576315495.9257,6.51397166666667,65363359246.0776,-0.0442929701486557,1.797162,43.703,67.302,1.187775715906,"0",47184.6691338182
"Switzerland","1996",31465.2315568349,1.49453864757633,-1.24458043565188,11.8252967275713,40.9909311992394,37.484240949072,0.863,27.5410374667388,116349071320.387,11779030913.9894,1.23601,69182548684.4613,0.811634064628214,1.757081,57.374,108.872,0.493909886300315,"0",33903.7545975435
"Switzerland","1998",33903.7545975435,2.34161494077843,7.94059343997151,11.2771801774896,45.92147511399,41.8185418859037,0.882,27.2211850613415,164064852221.725,9118277452.69987,1.44981330833333,65157795246.4752,0.0179384378439626,1.978873,55.17,103.954,3.06533137545706,"0",36788.6942898341
"Switzerland","2000",36788.6942898341,2.25252312960764,4.54395497257099,11.1057521028803,51.2984432612434,45.8367177357759,0.898,26.8909825143006,130206805466.762,24225049060.557,1.6888425,53620270122.4935,1.55852919679006,2.042147,53.915,99.439,3.97640923409377,"0",38814.3717381965
"Switzerland","2002",38814.3717381965,0.387965132352747,0.695754736969604,11.4833399611471,48.3816700803584,42.277335002008,0.899,25.6679926203618,167074559571.325,1799191574.95726,1.5586075,61276111966.1962,0.64271150654328,2.000211,51.977,91.8,-0.00550646252790443,"0",38800.8651100573
"Switzerland","2003",38800.8651100573,0.470782456267457,-0.864283547961094,11.678661571148,47.5483837971892,41.5794731144055,0.905,25.3320986911415,171857167424.696,-1796820863.37786,1.34665083333333,69563022240.0611,0.638272930887213,1.817973,50.145,90.441,-0.0468463729696538,"0",40302.9860399496
"Switzerland","2004",40302.9860399496,1.86282962914954,5.18628180507498,11.4458186431451,51.0695128247444,42.8710358404192,0.909,23.7272690896702,166444270003.715,24211612621.7696,1.24349583333333,74567877421.4052,0.802908730955216,2.180724,47.738,87.49,2.82152811537493,"0",41749.2164457237
"Switzerland","2005",41749.2164457237,1.31787219186666,3.55607939913594,11.1655001639042,53.5566791675729,46.9040459525378,0.914,26.3673753240897,184469447352.939,51368902312.4653,1.24517666666667,57575300181.4139,1.17195420333701,1.851264,46.004,84.241,2.88263843406537,"0",46440.7399838785
"Switzerland","2006",46440.7399838785,1.52115258106529,4.81855125643797,10.6635886835281,56.3543274942806,48.2526759468829,0.92,27.134727328671,193207131157.148,31562716792.0808,1.25384333333333,64461048829.5393,1.05950928324804,2.078077,46.738,79.749,4.01500760763153,"0",51145.9411665763
"Switzerland","2007",51145.9411665763,2.12900236617659,5.22913464941475,10.3363403340701,61.2464660628274,50.3080932272511,0.923,26.0120157834721,181613831407.039,18590543853.6328,1.20036583333333,75172320982.2309,0.732350603122241,2.042494,45.549,78.545,3.99572224602716,"0",54096.8078629618
"Switzerland","2008",54096.8078629618,1.51263876484057,0.579311227939925,10.4820737232116,62.8663019926311,52.2704430970398,0.925,26.6648063247167,203322159407.675,27293189256.4299,1.08309,74145636040.695,2.42604117060162,2.037171,42.969,75.467,2.75551143575311,"1",53393.3033597623
"Switzerland","2009",53393.3033597623,1.55612053313467,-6.96534825472841,11.2641937047638,57.6219269724178,50.1033727345055,0.935,27.5715652102013,150221392875.943,-2954454436.52639,1.08814169630268,134565689169.637,-0.480481936423328,1.948745,42.165,75.903,-2.07963321979709,"1",54900.3143485052
"Switzerland","2010",54900.3143485052,1.87449145284569,3.39840363529045,11.0559145855965,64.3985351676027,53.4849589061453,0.941,25.1238153105062,217678766713.75,56434469499.3967,1.04290564573352,270479819574.103,0.688238707220017,1.876044,42.675,71.146,3.26810165603702,"0",57987.5020305492
"Switzerland","2011",57987.5020305492,1.40079164172109,2.35803875653107,11.1464408926006,65.8992878988103,57.1950537359772,0.941,27.720709053624,239946054198.547,22567340471.3326,0.888042028223281,330585879227.201,0.231349207650894,1.867352,40.045,68.348,1.92044598533703,"0",59933.5986829168
"Switzerland","2012",59933.5986829168,2.18606698932176,4.32166411331933,11.196702500711,67.4064519955182,56.6637307644669,0.944,25.6372291816051,336924192094.039,14355288726.9079,0.937684480709349,531302252827.225,-0.692552018105236,1.891804,39.904,66.999,1.21719365684089,"0",62225.087267788
"Switzerland","2013",62225.087267788,2.26283069208422,0.856789708364957,11.2968144275574,71.3815393267253,59.5100974721416,0.946,24.3372276643853,411608016719.441,37473010545.2364,0.926903547758285,536235288240.201,-0.217323155115639,1.824802,38.848,66.885,1.82166779082581,"0",64103.0104476336
"United Kingdom","1996",21826.5212081874,3.69591423339305,4.66767247224047,16.7124269094476,26.150132541209,25.9820449372565,0.851,18.7532859748805,-8.617e+09,9301532237.31374,0.640958255,46700021359.8396,2.85178236397748,1.882196,71.238,116.981,2.49161085496354,"0",23657.1550069079
"United Kingdom","1998",23657.1550069079,4.16123528143335,7.79772291825402,16.159085963658,24.149884632393,24.8263469331068,0.862,18.2870442327728,2.516e+10,48157120557.6836,0.603823594166667,38829795838.1208,1.82056163731558,1.932944,69.213,113.608,3.70777104641044,"0",26421.0117928081
"United Kingdom","2000",26421.0117928081,4.42935129974364,4.50047403489167,16.8091066703166,25.1970070261885,26.9812939136783,0.874,18.4778720686194,4.929e+09,127916379256.163,0.660930833333333,50939389681.351,1.18295624210404,1.848113,67.6,108.445,3.506217425817,"0",28997.0577341053
"United Kingdom","2002",28997.0577341053,3.29573517791147,2.60491749940942,18.2735791309209,24.2255641503413,26.9132613324734,0.881,18.2739159245279,-5.6886e+10,31141421727.9504,0.667223333333333,54959281998.9798,1.52040245947458,1.840956,64.844,105.896,2.17874436788954,"0",30232.9730965986
"United Kingdom","2003",30232.9730965986,3.33378937017095,2.68130156595787,18.9539304626378,23.925160883562,26.1630424745341,0.885,17.7858728152156,-5.7997e+10,46069635887.586,0.6124725,56349681040.0796,1.3765003854201,1.810524,64.551,103.807,3.32188172525618,"0",31902.6120897817
"United Kingdom","2004",31902.6120897817,3.18460304796685,1.40352852747915,19.572525596622,23.7943647582202,26.3594540702974,0.892,17.4803921791874,-8.2165e+10,41580064154.0727,0.54618,62138194998.7523,1.39039756680426,1.889605,62.084,99.554,2.28627817511111,"0",32592.5145429742
"United Kingdom","2005",32592.5145429742,2.47585628614131,4.27774822079425,19.789912407271,25.0606946831314,27.4978141299807,0.897,17.6894671932855,-2.2812e+10,-92742954100.2226,0.549998333333333,59135108205.007,2.08913649025072,1.766596,61.571,97.444,2.95569174321572,"0",34657.5149790665
"United Kingdom","2006",34657.5149790665,1.60992046042327,3.1994211377968,19.9195767512353,27.2765905655669,29.4008576757355,0.896,18.0347163530219,8.166e+09,-61381481565.7496,0.543486666666667,63823577313.6433,2.45566166439288,1.670994,60.822,99.258,2.69380036672888,"0",35505.3881020793
"United Kingdom","2007",35505.3881020793,2.34644009065836,3.9620310867053,19.7426402817439,25.3614128589308,27.4050909232028,0.899,18.3740221268559,-4.6706e+10,160880316709.816,0.499771666666667,77715465906.5661,2.38656150773328,1.648174,60.006,97.559,2.36057586087708,"0",36644.6977720036
"United Kingdom","2008",36644.6977720036,-0.38312463038946,-4.39472201321129,20.5026367634224,27.0465040625851,29.2291564811022,0.903,17.441021255818,-7.5446e+10,103242148985.75,0.54396625,64785716443.2505,3.52140856342537,1.643775,60.097,96.722,-0.27878016061878,"1",35043.5945011122
"United Kingdom","2009",35043.5945011122,-2.73300692568125,-11.9000208821342,22.0683972301169,26.3963557296581,28.0024772152381,0.906,15.1066216428277,-43288018786.6001,-62945021961.1457,0.641919263495996,79453490100.2467,1.96173173560107,1.512003,58.132,94.258,-4.11394933103749,"1",36464.4825675756
"United Kingdom","2010",36464.4825675756,1.15395162179499,4.07919178605498,21.6419151110162,28.2500231938815,30.1879109130793,0.912,16.2839105444678,86613513175.3999,-12327098017.1828,0.647179345560165,98025460114.4246,2.49265472467065,1.623062,57.445,91.112,2.07405095275128,"0",37169.5471442258
"United Kingdom","2011",37169.5471442258,-0.101321059478749,-1.02554376542405,21.0141789161282,30.71365624968,31.6676113655406,0.906,15.7526981141963,168544414805.4,53821554014.553,0.624140835740495,109733899591.288,3.85611244682819,1.609854,55.743,87.285,1.2757084113606,"0",38299.5689881601
"United Kingdom","2012",38299.5689881601,1.71679169910558,1.90575900196606,20.8233582782734,29.9874983204519,31.2253982719641,0.904,15.9204215519608,180497287295.4,-34727249184.4595,0.633046988857327,117156976864.591,2.57323479654528,1.599284,54.362,83.932,1.43039602864351,"0",39931.2293779137
"United Kingdom","2013",39931.2293779137,2.63383684240435,3.71778119897471,20.1701813590244,29.8702042760468,31.2747706050993,0.921,16.4285280980669,136491321205.4,-8222267228.03089,0.639660577613477,118750193779.676,2.29166666666666,1.51958,53.891,85.193,2.18611335241982,"0",41289.0758256899
"United States","1996",29967.7127181749,3.46995146739427,7.65424179493324,14.5283200229106,10.7466355642836,11.9404364259576,0.884,21.7018149855781,-54006950947.0825,5.36e+09,1,160660160546.204,2.9312041999344,1.52492,87.123,158.008,3.77250132054725,"0",32853.6769523009
"United States","1998",32853.6769523009,5.3110884673174,9.29372067651654,13.9868964790694,10.5152611335588,12.3106298188105,0.889,22.9583331986162,13074001897.0717,-3.639e+10,1,146006089507.341,1.55227909874362,1.764996,83.564,145.506,4.48140756104172,"0",36334.9087770589
"United States","2000",36334.9087770589,5.08161943096827,6.39754700131002,14.0260099998519,10.6927239610622,14.3509112638306,0.886,23.6751483699321,188609151899.403,-1.62755e+11,1,128399516602.723,3.37685727149935,1.802651,83.359,143.926,4.12748401690885,"0",38023.1611144021
"United States","2002",38023.1611144021,2.56878770229341,-1.69569319249307,15.0418614345097,9.13224881991615,13.022022958046,0.891,21.7081385440482,47720688557.2594,6.793e+10,1,157762914914.241,1.58603162650603,1.6802,83.72,144.378,1.74169525130476,"0",39496.4858751381
"United States","2003",39496.4858751381,3.17765301236118,4.23690530208694,15.2465423026494,9.04306987207242,13.434030697806,0.894,21.7422235599583,-17064189999.3126,7.8112e+10,1,184024332193.35,2.27009497336113,1.602976,83.557,143.909,2.8612107683238,"0",41712.8010675545
"United States","2004",41712.8010675545,3.75190776490584,5.99281101751114,15.1688806727392,9.64186274172664,14.7105439982785,0.897,22.6585751713657,-86650132171.6934,1.60363e+11,1,190464790633.305,2.67723669309173,1.761568,81.47,140.559,3.79889112471299,"0",44114.7477810544
"United States","2005",44114.7477810544,3.56194069464225,6.05938686585405,15.055297725279,10.0119737675694,15.5440202709345,0.9,23.3803031012999,-56571280091.6401,-8.9753e+10,1,188259141662.468,3.39274684549547,1.536153,81.507,141.969,3.5132137994521,"0",46298.7314440927
"United States","2006",46298.7314440927,3.06338381904743,2.67430665175952,15.0083193646608,10.6598220961005,16.2403265120172,0.903,23.5391854504464,-104280528275.669,-1.4662e+10,1,221088725058.691,3.22594410070407,1.58617,80.928,141.119,2.85497229363445,"0",47975.9676958038
"United States","2007",47975.9676958038,2.22250426402213,-0.578934550161264,15.2147972958974,11.4923141689492,16.4634878920034,0.906,22.592491925905,179460838691.005,1.77277e+11,1,277548941768.855,2.85267248150136,1.649809,79.447,138.605,1.87617145415626,"0",48382.5584490552
"United States","2008",48382.5584490552,-0.212023276430401,-4.20558845739903,15.9887101811824,12.4860631262841,17.4007349318961,0.911,21.1190167058118,267023809529.498,2.491e+09,1,294045673779.627,3.83910029665101,1.613998,78.705,136.811,-0.136579803249504,"1",47099.9804711343
"United States","2009",47099.9804711343,-1.25430987536794,-12.5220832910431,16.8220241300482,10.9488776594284,13.6926857960849,0.912,17.8045811102374,209508890514.188,1.51514e+11,1,404098925258.353,-0.35554626629975,1.506894,79.055,134.966,-2.53675706714202,"1",48466.6576026922
"United States","2010",48466.6576026922,1.74962261497478,2.23224674676463,16.7431574962336,12.3150580752357,15.7428942052039,0.916,18.7431037708356,287380312698.392,8.5789e+10,1,488928508742.44,1.64004344238989,1.557331,77.159,131.884,2.5637665603995,"0",49882.5581321495
"United States","2011",49882.5581321495,1.88716882096587,4.57650266612366,16.1604689928469,13.5305390136184,17.2587550423633,0.919,19.1035258566922,-18957827146.3877,1.73119e+11,1,537267041107.474,3.15684156862206,1.519441,77.926,132.138,1.55083550470843,"0",51602.9310457907
"United States","2012",51602.9310457907,1.5030020251444,6.86991081155846,15.5336041145609,13.5289189711659,17.0392649736644,0.92,20.0208898479027,69137806076.3809,1.26895e+11,1,574268084132.447,2.06933726526059,1.529179,77.717,131.355,2.24954585238848,"0",53106.5367672165
"United States","2013",53106.5367672165,1.45406290843016,3.56841858169183,15.0850685069211,13.5445244306501,16.4684827830252,0.918,20.4137431322085,-275328823019.998,1.04665e+11,1,448508920737.711,1.46483265562714,1.523828,78.093,131.269,1.84208107064158,"0",55049.9883272312
