"Country Name","Year","FSI","Rule of Law","Voice.Accountability","No violence Index","CorruptionPI","Human Development Index","Life_Satisfaction","Healthcare_Exp","GDP Per Capita","Unemployment Rate","Aid per capita","FSI (Year+1)","Fragility_Category (Year+1)"
"Algeria","2010",81.3,-0.7849345,-1.022338,-1.259368,2.9,0.721,5.464,5.11716986,4480.78743864927,9.96,5.59378150497655,78,"Elevated Warning"
"Algeria","2011",78,-0.8076254,-1.004121,-1.360561,2.9,0.728,5.317,5.26748085,5455.67902952706,9.96,5.27393404763654,78.1,"Elevated Warning"
"Algeria","2012",78.1,-0.7722415,-0.9060266,-1.325043,34,0.728,5.605,6.00050974,5592.22011465753,10.97,3.94073414665011,78.8,"Elevated Warning"
"Algeria","2014",78.8,-0.7732704,-0.8151981,-1.190535,36,0.736,6.355,6.54721403,5493.05666265351,10.21,4.12653588008382,78.3,"Elevated Warning"
"Algeria","2016",78.3,-0.8576039,-0.8628893,-1.097526,34,0.743,5.341,6.60778189,3946.45242459305,10.2,3.56461207704252,76.8,"Elevated Warning"
"Algeria","2017",76.8,-0.8636625,-0.9040661,-0.9157991,33,0.745,5.249,6.38032866,4109.70344220826,12,4.22042712608328,75.8,"Elevated Warning"
"Algeria","2018",75.8,-0.7409661,-1.000405,-0.8361196,35,0.746,5.043,6.2184267,4153.95623446741,11.89,3.42257692549666,75.4,"Elevated Warning"
"Argentina","2006",40.8,-0.568944,0.4034365,0.0030557,2.9,0.812,6.313,7.64032841,5919.01233837714,10.08,2.90685567662451,41.4,"Stable"
"Argentina","2007",41.4,-0.5916041,0.4486213,0.0988585,2.9,0.817,6.073,7.83455086,7245.44685667197,8.47,2.27369505159089,41.4,"Stable"
"Argentina","2008",41.4,-0.6766081,0.3588959,-0.0852222,2.9,0.821,5.961,8.1826973,9020.87332314274,7.84,3.11924901902375,44.7,"Stable"
"Argentina","2009",44.7,-0.6754778,0.2800475,-0.2324056,2.9,0.821,6.424,9.45599556,8225.13758261645,8.65,2.86615646411532,45.8,"Stable"
"Argentina","2010",45.8,-0.5904954,0.3616894,-0.0847979,2.9,0.829,6.441,9.44546413,10385.9644319555,7.71,3.19477665795744,46.8,"Stable"
"Argentina","2011",46.8,-0.5608633,0.3449418,0.1589937,3,0.835,6.776,9.41819859,12848.8641969705,7.18,2.35207218769264,46.5,"Stable"
"Argentina","2012",46.5,-0.6796466,0.2952099,0.1030405,35,0.834,6.468,9.82726669,13082.664325572,7.22,4.25943115043237,46.1,"Stable"
"Argentina","2013",46.1,-0.7077284,0.2769879,0.0653143,34,0.835,6.582,9.78097916,13080.2547323367,7.1,0.822928536658322,47.3,"Stable"
"Argentina","2014",47.3,-0.8861388,0.3453205,-0.0051219,34,0.836,6.671,9.67129993,12334.7982453893,7.27,1.1434397149141,47.6,"Stable"
"Argentina","2015",47.6,-0.7708783,0.4117875,0.0147854,32,0.84,6.697,10.22933769,13789.060424772,7.61,-0.437494568163978,48.4,"Stable"
"Argentina","2016",48.4,-0.3937469,0.4933509,0.2046255,36,0.839,6.427,9.00189686,12790.2424732447,7.97,0.0601050187408163,48.2,"Stable"
"Argentina","2017",48.2,-0.2492861,0.5286481,0.1695043,39,0.843,6.039,10.45704365,14613.041824658,8.35,-0.0265638546407807,46.1,"Stable"
"Argentina","2018",46.1,-0.2436714,0.5323461,0.0108914,40,0.842,5.793,9.62454033,11633.4980086503,9.22,1.64312437096951,46,"Stable"
"Bahrain","2009",59,0.5172865,-0.7910007,-0.1364494,5.1,0.798,5.701,4.05684614,19355.9210050895,1.13,NA,58.8,"Less Stable"
"Bahrain","2010",58.8,0.435536,-0.9659101,-0.4934764,4.9,0.8,5.937,3.84291482,20722.0704900745,1.13,NA,59,"Less Stable"
"Bahrain","2011",59,0.3522793,-1.217317,-0.9508419,5.11,0.801,4.824,3.57691312,22514.202716483,1.18,NA,62.2,"Warning"
"Bahrain","2012",62.2,0.2583265,-1.318025,-1.129955,51,0.808,5.027,4.10642147,23654.3695877495,1.2,NA,62.9,"Warning"
"Bahrain","2013",62.9,0.3310097,-1.317464,-1.335418,48,0.815,6.69,4.30853891,24744.296958551,1.22,NA,64.7,"Warning"
"Bahrain","2014",64.7,0.4136364,-1.311063,-0.9074749,49,0.82,6.165,4.40681839,24989.437527708,1.27,NA,64.4,"Warning"
"Bahrain","2015",64.4,0.4249487,-1.313066,-1.07354,51,0.848,6.007,4.97506618,22634.0856475674,1.32,NA,63.4,"Warning"
"Bahrain","2016",63.4,0.4563531,-1.372085,-0.7934257,43,0.853,6.17,4.85823059,22608.4525623673,1.38,NA,64.9,"Warning"
"Bahrain","2017",64.9,0.4492349,-1.387303,-0.9615637,36,0.854,6.227,4.74813128,23742.9373424159,1.44,NA,63.8,"Warning"
"Belize","2007",69.8,-0.1077924,0.5264921,0.1944116,3,0.674,6.451,5.23698997,4252.39538591882,8.51,71.1631927346847,67,"Warning"
"Botswana","2006",66.9,0.6225433,0.5131001,1.016433,5.6,0.615,4.739,4.77372456,5521.99060810445,17.78,36.2817155136342,65.9,"Warning"
"Botswana","2008",65.9,0.6959755,0.5135046,1.032002,5.8,0.641,5.451,5.7820034,5713.54393106428,16.35,377.472534231941,68.6,"Warning"
"Botswana","2010",68.6,0.6746734,0.4555333,0.9912098,5.8,0.663,3.553,6.19402504,6434.81248526822,17.86,77.8368130179995,67.9,"Warning"
"Botswana","2011",67.9,0.6676639,0.4259841,1.064447,6.08,0.677,3.52,5.77690315,7617.31004132551,17.85,58.7970860461862,66.5,"Warning"
"Botswana","2012",66.5,0.6624624,0.5329697,1.104041,65,0.689,4.836,6.14145994,7050.57347186681,17.86,35.8265126465699,64,"Warning"
"Botswana","2013",64,0.5960187,0.4893672,1.102347,64,0.701,4.128,6.22438812,7224.91273728564,17.88,52.0568959247951,64.5,"Warning"
"Botswana","2014",64.5,0.6335364,0.4354172,1.011847,63,0.711,4.031,5.59789324,7780.63475753974,17.78,47.5768930315113,62.8,"Warning"
"Botswana","2015",62.8,0.5960552,0.4403417,1.042092,63,0.717,3.762,5.72629929,6799.87017783413,17.71,30.9046571608491,63.5,"Warning"
"Botswana","2016",63.5,0.5337085,0.3967459,0.99456,60,0.72,3.499,5.56052208,7243.93397430839,17.62,41.9320113868881,63.8,"Warning"
"Botswana","2017",63.8,0.5090616,0.3884281,1.022508,61,0.726,3.505,6.13456821,7893.41867148033,17.46,46.2977223179115,62,"Warning"
"Botswana","2018",62,0.46531,0.4475507,0.9709879,61,0.73,3.461,5.84825039,8279.81845660293,17.32,38.0423474546231,59.5,"Less Stable"
"Brazil","2007",66.9,-0.3710029,0.537074,-0.3569552,3.5,0.706,6.321,8.20776176,7348.03071626086,8.33,1.7282345094069,67.6,"Warning"
"Brazil","2008",67.6,-0.315275,0.5689857,-0.3125997,3.5,0.717,6.691,8.01598835,8831.02311697566,7.34,2.44039536249384,69.1,"Warning"
"Brazil","2009",69.1,-0.1565112,0.5220069,0.1662922,3.7,0.719,7.001,8.40254688,8597.91548455152,8.52,1.93314123413898,67.4,"Warning"
"Brazil","2010",67.4,0.044096,0.5713488,0.0134759,3.7,0.727,6.837,7.94913244,11286.2429009115,7.73,2.37479618642669,65.1,"Warning"
"Brazil","2011",65.1,0.0376661,0.5136762,-0.1325754,3.77,0.731,7.038,7.78833342,13245.6120301146,6.92,4.25634486547199,64.1,"Warning"
"Brazil","2012",64.1,-0.0694453,0.4779062,0.0459616,43,0.735,6.66,7.73536205,12370.0244490002,7.19,6.46574112243193,62.1,"Warning"
"Brazil","2013",62.1,-0.0802455,0.4174263,-0.2585533,42,0.753,7.14,7.97721243,12300.324821091,6.98,5.74887349708811,61.4,"Warning"
"Brazil","2014",61.4,-0.0499485,0.4719279,-0.0702901,43,0.756,6.981,8.39624977,12112.5876683327,6.66,4.50844912596437,62.7,"Warning"
"Brazil","2015",62.7,-0.147159,0.4588515,-0.3314581,38,0.756,6.547,8.87090969,8814.00141787464,8.43,4.90625212668812,65.3,"Warning"
"Brazil","2016",65.3,-0.1573322,0.4518494,-0.3772054,40,0.758,6.375,9.20742226,8710.09677403838,11.6,3.27231278955631,68.2,"Warning"
"Brazil","2017",68.2,-0.2469499,0.4480156,-0.4738646,37,0.761,6.333,9.46933746,9928.6430632111,12.82,1.31783175644503,68.7,"Warning"
"Brazil","2018",68.7,-0.2524796,0.3602512,-0.4404235,35,0.762,6.191,9.51438713,9151.44525254365,12.33,2.12360448094387,71.8,"Elevated Warning"
"Chile","2006",32,1.271957,1.082345,0.6141229,7.3,0.791,6.063,6.03516722,9464.54850676993,9.02,6.04665120077593,33.8,"More Stable"
"Chile","2007",33.8,1.28842,1.104882,0.4071552,7,0.804,5.698,6.17537546,10502.3507082131,8.43,6.42823412348283,36.3,"More Stable"
"Chile","2008",36.3,1.313308,1.013508,0.4331903,6.9,0.814,5.789,6.74047899,10751.4816046663,9.29,6.16102653696667,37.5,"More Stable"
"Chile","2009",37.5,1.296515,1.016847,0.6032314,6.7,0.822,6.494,7.20918465,10208.9079714292,11.31,4.49835197132003,38,"More Stable"
"Chile","2010",38,1.33556,1.095609,0.6796045,7.2,0.803,6.636,6.77489328,12808.0383396854,8.42,10.6613727859078,40.7,"Stable"
"Chile","2011",40.7,1.365851,1.073909,0.4525534,7.21,0.815,6.526,6.7717886,14637.2334407887,7.34,9.35382895097398,43.5,"Stable"
"Chile","2012",43.5,1.391818,1.076945,0.3311021,72,0.821,6.599,7.0209198,15351.5407387113,6.66,7.36076777674846,42.3,"Stable"
"Chile","2013",42.3,1.367733,1.106285,0.3637425,71,0.826,6.74,7.44478321,15842.9364836273,6.21,4.58469380115312,42,"Stable"
"Chile","2014",42,1.433073,1.055915,0.4475169,73,0.837,6.844,7.80729866,14670.98891427,6.67,13.8285055754675,41.5,"Stable"
"Chile","2015",41.5,1.343957,1.004488,0.4334392,70,0.842,6.533,8.30269146,13574.1692377497,6.51,3.02348074305249,41.9,"Stable"
"Chile","2016",41.9,1.129331,0.9956857,0.4131105,66,0.845,6.579,8.51866722,13753.592148512,6.74,9.79951105918006,41.1,"Stable"
"Chile","2017",41.1,1.149239,1.000417,0.4171355,67,0.847,6.32,9.06820488,14998.8170563212,6.96,3.80662380493983,40.7,"Stable"
"Chile","2018",40.7,1.091852,1.024111,0.4273602,67,0.849,6.436,9.14051342,15888.144355398,7.23,NA,38.9,"More Stable"
"China","2006",82.5,-0.6394754,-1.74897,-0.5397638,3.3,0.653,4.56,3.91870999,2099.22943460734,4.4,0.967582507918453,81.2,"High Warning"
"China","2007",81.2,-0.5422143,-1.72125,-0.4988205,3.5,0.667,4.863,3.65868473,2693.97006340427,4.3,1.10269103199682,80.3,"High Warning"
"China","2008",80.3,-0.4197974,-1.699497,-0.491275,3.6,0.678,4.846,3.87722778,3468.30460207977,4.6,0.985569857104303,84.6,"High Warning"
"China","2009",84.6,-0.4070508,-1.701171,-0.4493464,3.6,0.687,4.454,4.32182407,3832.23643246922,4.7,0.857375730246864,83,"High Warning"
"China","2010",83,-0.4099019,-1.680548,-0.6570607,3.5,0.699,4.653,4.2079916,4550.45310775599,4.5,0.502270690958349,80.1,"High Warning"
"China","2011",80.1,-0.46481,-1.637609,-0.6020548,3.64,0.707,5.037,4.32551336,5618.13226711491,4.5,-0.44907113549401,78.3,"Elevated Warning"
"China","2012",78.3,-0.5428619,-1.637941,-0.5387821,39,0.716,5.095,4.5493989,6316.91831760216,4.6,-0.133657116358095,80.9,"High Warning"
"China","2013",80.9,-0.5246463,-1.631409,-0.5437899,40,0.724,5.241,4.71002245,7050.64627124287,4.6,-0.483689156900035,79,"Elevated Warning"
"China","2014",79,-0.414574,-1.616668,-0.522584,36,0.731,5.196,4.77322769,7678.59948587722,4.6,-0.694195435891883,76.5,"Elevated Warning"
"China","2015",76.5,-0.4098733,-1.660777,-0.5502946,37,0.739,5.304,4.8887229,8066.94263493206,4.6,-0.223370435484402,74.9,"Elevated Warning"
"China","2016",74.9,-0.3345477,-1.559632,-0.499395,40,0.746,5.325,4.98188066,8147.93770549385,4.5,-0.574055330827852,74.7,"Elevated Warning"
"China","2017",74.7,-0.2667109,-1.503779,-0.2310181,41,0.75,5.099,5.15119171,8879.43866711453,4.4,-0.714038930060629,72.4,"Elevated Warning"
"China","2018",72.4,-0.2028825,-1.463188,-0.3000233,39,0.755,5.131,5.35107994,9976.677137263,4.3,-0.506523168314771,71.1,"Elevated Warning"
"Colombia","2006",91.8,-0.5051838,-0.1727367,-1.901591,3.9,0.698,6.025,6.33551502,3741.09283661273,11.53,23.2573850770932,89.7,"High Warning"
"Colombia","2007",89.7,-0.4358616,-0.1653216,-1.80328,3.8,0.711,6.138,6.49102831,4714.07305530503,11.2,16.959584247299,89,"High Warning"
"Colombia","2008",89,-0.3967666,-0.1659226,-1.850909,3.8,0.718,6.168,6.84192705,5472.53652992425,11.27,22.1283605834694,89.2,"High Warning"
"Colombia","2009",89.2,-0.3884734,-0.1496109,-1.831908,3.7,0.72,6.272,7.31134653,5193.24145795078,12.07,23.6710335432641,88.2,"High Warning"
"Colombia","2010",88.2,-0.3085754,-0.1323792,-1.537185,3.5,0.729,6.408,7.07130146,6336.70947398466,10.98,14.8838977270125,87,"High Warning"
"Colombia","2011",87,-0.2558111,-0.0597142,-1.284656,3.45,0.734,6.464,6.78076839,7335.16693447605,10.11,22.1973072898017,84.4,"High Warning"
"Colombia","2012",84.4,-0.3538536,-0.0639913,-1.40181,36,0.739,6.375,6.74599648,8050.25537167048,9.74,16.5868267150936,83.8,"High Warning"
"Colombia","2013",83.8,-0.4059462,-0.0812788,-1.291972,36,0.742,6.607,7.01724052,8218.34784431476,9.05,18.4424328757372,83.1,"High Warning"
"Colombia","2014",83.1,-0.2919965,-0.0433162,-1.114594,37,0.753,6.449,7.18553209,8114.34392085159,8.57,26.0640799434682,82.5,"High Warning"
"Colombia","2015",82.5,-0.268497,0.0039271,-1.069147,37,0.756,6.388,7.52338552,6175.87602970259,8.3,28.5332704598888,80.2,"High Warning"
"Colombia","2016",80.2,-0.2789232,0.1218224,-0.8824593,37,0.76,6.234,7.53117037,5870.77795724164,8.69,22.9683216921756,78.9,"Elevated Warning"
"Colombia","2017",78.9,-0.3629579,0.1124623,-0.7727076,37,0.763,6.157,7.67864275,6376.70671552601,8.87,17.3875014385684,76.6,"Elevated Warning"
"Colombia","2018",76.6,-0.4062347,0.1635418,-0.7969317,36,0.764,5.984,7.63980007,6729.58333198168,9.11,35.8635148541998,75.7,"Elevated Warning"
"Costa Rica","2006",49.6,0.4662502,0.9157226,0.7379774,4.1,0.745,7.082,6.96992493,5227.46595193036,5.74,7.33185590311079,50.5,"Less Stable"
"Costa Rica","2007",50.5,0.3818599,0.9353473,0.5834517,5,0.753,7.432,7.03324175,6103.74191702863,4.49,14.6232628291504,50.9,"Less Stable"
"Costa Rica","2008",50.9,0.460335,0.9667597,0.3603145,5.1,0.761,6.851,7.51461315,6901.38830612557,4.78,17.2816203482221,52.5,"Less Stable"
"Costa Rica","2009",52.5,0.5635187,1.005792,0.5871099,5.3,0.762,7.615,7.90734673,6801.0367345982,7.71,24.9096443325642,52,"Less Stable"
"Costa Rica","2010",52,0.5236837,1.03989,0.6915372,5.3,0.765,7.271,8.11340141,8227.12749376825,7.17,22.0934674627462,50.6,"Less Stable"
"Costa Rica","2011",50.6,0.4513466,1.053863,0.508276,4.8,0.778,7.229,8.21805191,9229.83451670274,10.14,7.67307130432297,49.7,"Stable"
"Costa Rica","2012",49.7,0.5196617,1.08822,0.6384025,54,0.783,7.272,7.91351128,10075.0046160014,9.78,6.0708150324291,48.7,"Stable"
"Costa Rica","2013",48.7,0.5515915,1.078483,0.677918,53,0.788,7.158,7.86832047,10744.0910189401,8.77,6.92096825545083,48.5,"Stable"
"Costa Rica","2014",48.5,0.5604205,1.138346,0.5774182,54,0.796,7.247,7.88175106,10847.1696673041,9.06,11.3755084022489,46.8,"Stable"
"Costa Rica","2015",46.8,0.5046431,1.151579,0.6820255,55,0.797,6.854,7.82285929,11642.7780517123,9,22.958844889957,45.1,"Stable"
"Costa Rica","2016",45.1,0.4660165,1.117966,0.6614283,58,0.801,7.136,7.5334692,12011.2227544174,8.6,20.5578880935504,44.1,"Stable"
"Costa Rica","2017",44.1,0.4692508,1.121746,0.6088256,59,0.804,7.225,7.32879639,12225.5744931385,8.14,20.0527079814323,43.2,"Stable"
"Costa Rica","2018",43.2,0.4810215,1.10845,0.4694642,56,0.808,7.141,7.56336021,12468.5752921871,9.63,19.8742141095221,42,"Stable"
"Dominican Republic","2006",85,-0.5758091,0.2056577,-0.1085138,2.8,0.688,5.088,3.99365425,4109.03359145391,5.66,8.13565411364164,80.6,"High Warning"
"Dominican Republic","2007",80.6,-0.6136354,0.1970037,-0.07755,3,0.694,5.081,4.20732832,4707.79505245725,5.16,15.4869081269497,78.4,"Elevated Warning"
"Dominican Republic","2008",78.4,-0.6602893,0.1647324,-0.0370049,3,0.698,4.842,4.72506762,5087.98321278434,4.76,18.7501073249537,77.7,"Elevated Warning"
"Dominican Republic","2009",77.7,-0.7726221,0.0897983,-0.0014113,3,0.7,5.432,5.08706474,5039.40312212985,5.47,14.580124677428,76.8,"Elevated Warning"
"Dominican Republic","2010",76.8,-0.8083205,0.0738616,-0.044954,3,0.706,4.735,5.57939434,5555.39201393816,5.21,19.9904753659594,76.9,"Elevated Warning"
"Dominican Republic","2011",76.9,-0.7733674,0.0904333,-0.0004819,2.59,0.71,5.397,5.66508865,5913.42664885493,6.09,24.723792989557,74.1,"Elevated Warning"
"Dominican Republic","2012",74.1,-0.6877354,0.1245922,0.2523668,32,0.714,4.753,5.88521528,6110.36657603383,6.72,26.1929508936726,73.2,"Elevated Warning"
"Dominican Republic","2013",73.2,-0.5324466,0.1153695,0.2074287,29,0.718,5.016,5.76407719,6238.13236658362,7.35,14.6204915835003,73.4,"Elevated Warning"
"Dominican Republic","2014",73.4,-0.4057658,0.1889606,0.1459345,32,0.73,5.387,5.75102663,6608.82550130065,6.72,16.3509130199407,71.2,"Elevated Warning"
"Dominican Republic","2015",71.2,-0.5127614,0.1542684,0.2367064,33,0.738,5.062,5.78464127,6921.52059432776,7.61,27.2290255678261,70.8,"Elevated Warning"
"Dominican Republic","2016",70.8,-0.3952907,0.1819112,0.252106,31,0.743,5.239,5.82759809,7280.88361041225,7.28,16.9940805344626,69,"Warning"
"Dominican Republic","2017",69,-0.4208526,0.1592211,0.1605885,29,0.746,5.605,5.83058691,7609.35327534023,5.83,11.1964954126778,69.2,"Warning"
"Dominican Republic","2018",69.2,-0.3792768,0.1143047,0.0239203,30,0.751,5.433,5.73298407,8050.64407623416,5.86,8.40300816877359,66.2,"Warning"
"Ecuador","2006",81.2,-1.033067,-0.2538627,-0.8539824,2.3,0.701,5.024,5.687222,3328.88415626323,3.55,15.2119090834089,79.9,"Elevated Warning"
"Ecuador","2007",79.9,-1.035035,-0.1611159,-0.8144428,2.1,0.71,4.996,5.8648901,3567.83718649963,3.14,16.0919895492714,80.3,"High Warning"
"Ecuador","2008",80.3,-1.167481,-0.2223047,-0.7289105,2,0.717,5.297,5.81637669,4249.01896979445,3.92,17.0902890509148,81.2,"High Warning"
"Ecuador","2009",81.2,-1.251499,-0.2503612,-0.6731879,2.2,0.719,6.022,6.4387331,4231.61923466057,4.61,15.1315664920265,81.7,"High Warning"
"Ecuador","2010",81.7,-1.204064,-0.2310853,-0.5866745,2.5,0.726,5.838,7.12195635,4633.59128443099,4.09,11.227014782467,82.2,"High Warning"
"Ecuador","2011",82.2,-1.205241,-0.2933648,-0.6865575,2.65,0.732,5.795,7.86521816,5200.55510783504,3.46,11.8932938061234,80.1,"High Warning"
"Ecuador","2012",80.1,-1.13463,-0.2961141,-0.5703065,32,0.751,5.961,8.47968197,5682.04610814497,3.24,9.56824675598844,78.6,"Elevated Warning"
"Ecuador","2013",78.6,-0.9683184,-0.2527218,-0.1786567,35,0.754,6.019,8.55983448,6056.33121253813,3.08,9.5827001754172,77.3,"Elevated Warning"
"Ecuador","2014",77.3,-1.058525,-0.2024652,-0.0185332,33,0.756,5.946,8.62127495,6377.09392877257,3.48,10.3467741543265,75.9,"Elevated Warning"
"Ecuador","2015",75.9,-1.028962,-0.2117548,-0.1439559,32,0.764,5.964,8.58845711,6124.49088707134,3.62,19.6249427531069,75.6,"Elevated Warning"
"Ecuador","2016",75.6,-0.7614435,-0.247168,-0.085358,31,0.758,6.115,8.29596043,6060.09296156791,4.6,14.7782604108701,77.3,"Elevated Warning"
"Ecuador","2017",77.3,-0.8107955,-0.1721459,-0.0748539,32,0.76,5.84,8.25742912,6213.50312736888,3.84,12.5770344465945,74.2,"Elevated Warning"
"Ecuador","2018",74.2,-0.6387975,-0.0012729,-0.0892777,34,0.762,6.128,8.13646507,6295.93466163992,3.53,23.6479466256606,71.2,"Elevated Warning"
"Gabon","2011",75.3,-0.4612769,-0.9051993,0.3848909,2.98,0.657,4.255,2.55771565,10809.6849503904,20.38,41.2256923917623,74.6,"Elevated Warning"
"Gabon","2012",74.6,-0.4694037,-0.8636067,0.2932914,35,0.666,3.972,2.42097569,9813.50574650818,20.4,39.3501191786376,72.9,"Elevated Warning"
"Gabon","2013",72.9,-0.5399048,-0.86337,0.3301027,34,0.673,3.8,2.84087181,9683.58161951252,20.41,47.9948483462237,72.2,"Elevated Warning"
"Gabon","2014",72.2,-0.508985,-0.8657218,0.1495428,37,0.682,3.918,2.53282237,9663.42411002585,20.3,59.0667467758357,71.2,"Elevated Warning"
"Gabon","2015",71.2,-0.5500096,-0.8941512,0.021187,34,0.685,4.661,2.65743947,7384.70070393071,20.22,50.7164891637257,72,"Elevated Warning"
"Gabon","2016",72,-0.6047214,-0.9669695,-0.104911,35,0.69,4.832,3.1076982,6984.41971208387,20.11,20.7283091993876,73.8,"Elevated Warning"
"Gabon","2017",73.8,-0.6835737,-1.05922,-0.1030248,32,0.694,4.782,2.78074527,7230.43491161979,19.93,51.5058990717416,72.5,"Elevated Warning"
"Gabon","2018",72.5,-0.7040743,-0.9661632,-0.2538044,31,0.697,4.783,2.74503946,7956.62781558686,19.77,55.1886843776636,70.5,"Elevated Warning"
"India","2006",70.4,0.1773311,0.4371937,-1.063722,3.3,0.546,5.348,3.63477802,806.753280628799,5.52,1.1871267527888,70.8,"Elevated Warning"
"India","2007",70.8,0.0937817,0.4539639,-1.151811,3.5,0.555,5.027,3.51754212,1028.33477194577,5.41,1.12339361162661,72.9,"Elevated Warning"
"India","2008",72.9,0.0860389,0.4621931,-1.107512,3.4,0.563,5.146,3.51468062,998.522341514181,5.36,1.67538154096921,77.8,"Elevated Warning"
"India","2009",77.8,0.013824,0.4606846,-1.353806,3.4,0.569,4.522,3.48537874,1101.96083821252,5.61,2.01737473754487,79.2,"Elevated Warning"
"India","2010",79.2,-0.0373795,0.4432724,-1.277984,3.3,0.579,4.989,3.27211905,1357.5637268318,5.65,2.29391825198796,79.3,"Elevated Warning"
"India","2011",79.3,-0.0906831,0.4358186,-1.326795,3.1,0.588,4.635,3.24634194,1458.10406619626,5.65,2.6155734760736,78,"Elevated Warning"
"India","2012",78,-0.0719577,0.3994542,-1.28931,36,0.597,4.72,3.32935309,1443.88243476181,5.66,1.32870613590857,77.5,"Elevated Warning"
"India","2013",77.5,-0.0573845,0.4327801,-1.229174,36,0.604,4.428,3.74944162,1449.61045069632,5.67,1.91775399282496,76.9,"Elevated Warning"
"India","2014",76.9,-0.0633363,0.413294,-0.997912,38,0.616,4.424,3.61956549,1573.88564183014,5.6,2.30921449126478,79.3,"Elevated Warning"
"India","2015",79.3,-0.0474092,0.4278702,-0.9484934,38,0.624,4.342,3.59565997,1605.60544457045,5.56,2.42288615968596,79.6,"Elevated Warning"
"India","2016",79.6,-0.0289695,0.4409836,-0.9538398,40,0.63,4.179,3.51098323,1732.55424231697,5.51,2.02265394358775,77.9,"Elevated Warning"
"India","2017",77.9,-0.0012233,0.3870479,-0.7648019,40,0.64,4.046,3.53500652,1980.66701982813,5.41,2.38903067771681,76.3,"Elevated Warning"
"India","2018",76.3,0.0256504,0.3519836,-0.9870132,41,0.642,3.818,3.544245,1996.91508739755,5.33,1.82014863848939,74.4,"Elevated Warning"
"Iraq","2008",110.6,-1.768708,-1.104687,-2.468629,1.3,0.63,4.59,3.03573871,4636.63932484705,8.4,348.221699404673,108.6,"High Alert"
"Iraq","2009",108.6,-1.698137,-1.023472,-2.175568,1.5,0.632,4.775,3.76825881,3853.82862013793,8.49,96.3384825640074,107.3,"High Alert"
"Iraq","2010",107.3,-1.558268,-0.9918546,-2.239267,1.5,0.636,5.065,3.23055601,4657.28026921588,8.34,73.2409307600836,104.8,"High Alert"
"Iraq","2011",104.8,-1.452889,-1.069502,-1.846984,1.8,0.642,4.725,2.79131818,6045.4945669195,8.15,62.316385188243,104.3,"High Alert"
"Iraq","2012",104.3,-1.457788,-1.076181,-1.93405,18,0.646,4.66,2.69039416,6836.07399513338,7.97,40.7927097952428,103.9,"High Alert"
"Iraq","2013",103.9,-1.449673,-1.057192,-2.01139,16,0.646,4.725,2.81939769,7076.55226525188,9.27,46.492059083961,102.2,"High Alert"
"Iraq","2014",102.2,-1.334899,-1.144258,-2.480338,16,0.645,4.542,2.79654908,6637.68437454551,10.59,39.7905396038815,104.4,"High Alert"
"Iraq","2015",104.4,-1.417818,-1.127942,-2.260352,16,0.649,4.493,3.14279079,4688.31801743466,10.72,41.6880897141043,104.7,"High Alert"
"Iraq","2016",104.7,-1.6259,-1.015599,-2.313588,17,0.656,4.413,3.2278583,4550.65863784829,10.82,62.4927726553246,105.4,"High Alert"
"Iraq","2017",105.4,-1.629295,-1.047284,-2.307103,18,0.667,4.462,4.12501717,5076.69079455993,13.02,77.4246091219917,102.2,"High Alert"
"Jamaica","2006",66.8,-0.4037552,0.6207255,-0.3188637,3.7,0.711,6.208,4.20788145,4331.29205282124,10.33,14.7762829999192,67.1,"Warning"
"Jamaica","2011",67.1,-0.3988184,0.4791512,-0.0629833,3.34,0.731,5.374,5.23800421,5111.46598710697,12.7,14.519103353972,65.6,"Warning"
"Jamaica","2013",65.6,-0.3500848,0.5434061,0.1823744,38,0.729,5.709,4.95499468,4989.73408891012,15.25,25.0427627628863,64.9,"Warning"
"Jamaica","2014",64.9,-0.2821372,0.5625729,0.0244925,38,0.729,5.311,5.16615725,4834.28400949801,13.74,33.3862344172711,65.2,"Warning"
"Jamaica","2017",65.2,-0.161473,0.6911505,0.3092474,44,0.734,5.89,6.14377928,5070.0995030616,11.63,21.0726471343461,61.2,"Warning"
"Jordan","2007",76.6,0.3873699,-0.6767808,-0.2996989,4.7,0.744,5.598,8.30104733,2735.37876694903,13.1,100.956152275214,77.3,"Elevated Warning"
"Jordan","2008",77.3,0.4115452,-0.7373688,-0.3692256,5.1,0.745,4.93,8.75392818,3455.76995322946,12.7,111.964165315021,77.9,"Elevated Warning"
"Jordan","2009",77.9,0.2507831,-0.7845951,-0.3542873,5,0.743,6,9.5021286,3559.69210151978,12.9,107.412196512905,77,"Elevated Warning"
"Jordan","2010",77,0.1929891,-0.7993262,-0.3124925,4.7,0.737,5.57,8.38929749,3736.64546207921,12.5,131.48035657996,74.5,"Elevated Warning"
"Jordan","2011",74.5,0.2379159,-0.7962052,-0.5135623,4.49,0.734,5.539,8.29931927,3852.89002548782,12.9,127.119669395666,74.8,"Elevated Warning"
"Jordan","2012",74.8,0.3690804,-0.7344927,-0.5239776,48,0.735,5.132,7.8829236,3910.34689406377,12.2,143.078528294876,75.7,"Elevated Warning"
"Jordan","2013",75.7,0.3928922,-0.8067545,-0.6063153,45,0.729,5.172,7.24769545,4044.42686891185,12.6,164.377423532583,76.7,"Elevated Warning"
"Jordan","2014",76.7,0.4641309,-0.7536456,-0.5400255,49,0.729,5.333,7.31149483,4131.44735046027,11.9,302.412124842202,76.9,"Elevated Warning"
"Jordan","2015",76.9,0.4393261,-0.769385,-0.6057786,53,0.73,5.405,7.59315777,4164.10876894014,13.08,231.050901862871,78,"Elevated Warning"
"Jordan","2016",78,0.3042523,-0.7111135,-0.4923984,48,0.729,5.271,7.2834053,4175.35660192301,15.28,285.523164232589,78.7,"Elevated Warning"
"Jordan","2017",78.7,0.2985938,-0.7210127,-0.4516253,48,0.726,4.808,8.11925125,4231.51827999134,15.78,304.486882281887,76.8,"Elevated Warning"
"Jordan","2018",76.8,0.2318894,-0.7238086,-0.3888326,49,0.728,4.639,7.79041338,4308.1510738997,16.29,253.480018986404,75.9,"Elevated Warning"
"Kuwait","2006",60.8,0.5384738,-0.5817673,0.4110898,4.8,0.788,6.076,2.25313878,42781.5647521665,1.3,NA,63.4,"Warning"
"Kuwait","2009",63.4,0.5863044,-0.4846455,0.3527843,4.1,0.789,6.585,3.86935997,37561.7259257377,1.64,NA,61.5,"Warning"
"Kuwait","2010",61.5,0.5917423,-0.5244356,0.4519888,4.5,0.788,6.798,2.75703621,38577.4982788212,1.82,NA,59.5,"Less Stable"
"Kuwait","2011",59.5,0.5492278,-0.5585736,0.3111027,4.62,0.792,6.378,2.61808419,48631.7834045849,2.07,NA,58.8,"Less Stable"
"Kuwait","2012",58.8,0.3675954,-0.642978,0.2036062,44,0.796,6.221,2.57378602,51979.1206895335,2.3,NA,59.6,"Less Stable"
"Kuwait","2013",59.6,0.365552,-0.6576061,0.1660556,43,0.793,6.48,2.58543897,49388.0533799687,2.56,NA,59,"Less Stable"
"Kuwait","2014",59,0.0224011,-0.6574598,0.1490065,44,0.796,6.18,3.1975801,44062.3409134598,2.9,NA,57.5,"Less Stable"
"Kuwait","2015",57.5,0.0009841,-0.6636639,-0.2134203,49,0.801,6.146,4.01473618,29869.552753237,2.2,NA,58.5,"Less Stable"
"Kuwait","2016",58.5,0.0278456,-0.6289104,-0.0496832,41,0.804,5.947,4.03104591,27653.1576200281,2.16,NA,58.5,"Less Stable"
"Kuwait","2017",58.5,0.103409,-0.6070536,-0.0458655,39,0.805,6.094,5.29526615,29759.4674424751,2.25,NA,53.2,"Less Stable"
"Lebanon","2006",80.5,-0.6430191,-0.3872007,-1.807397,3.6,0.739,4.653,8.65032196,4626.85300341662,8.62,172.075898370368,95.7,"Alert"
"Lebanon","2008",95.7,-0.6687936,-0.4221182,-1.875796,3,0.757,4.595,7.78850412,6111.32728102035,7.45,224.221859795553,93.5,"Alert"
"Lebanon","2009",93.5,-0.6807634,-0.3552515,-1.561682,2.5,0.764,5.206,6.99202442,7354.95360478492,6.36,120.522934447029,90.9,"Alert"
"Lebanon","2010",90.9,-0.7075613,-0.3312983,-1.625015,2.5,0.766,5.032,7.4433217,7761.64148945415,6.4,89.8615475870877,87.7,"High Warning"
"Lebanon","2011",87.7,-0.6909853,-0.390134,-1.558288,2.49,0.768,5.188,8.1471138,7675.30893971499,6.39,91.4048403167797,85.8,"High Warning"
"Lebanon","2012",85.8,-0.7509995,-0.3858334,-1.664812,30,0.759,4.573,7.93143368,7952.15123928179,6.4,128.49925005505,86.3,"High Warning"
"Lebanon","2013",86.3,-0.7757403,-0.4049813,-1.690353,28,0.757,4.983,7.57978058,7933.2332493476,6.41,105.124013800392,86.9,"High Warning"
"Lebanon","2014",86.9,-0.7663509,-0.4203074,-1.697941,27,0.748,5.233,7.84629583,7687.93051905549,6.35,131.120265241148,88.1,"High Warning"
"Lebanon","2015",88.1,-0.8257188,-0.4625495,-1.702587,28,0.744,5.172,7.67934227,7644.54514657966,6.31,147.8122053337,89.6,"High Warning"
"Lebanon","2016",89.6,-0.8306962,-0.5196985,-1.618973,28,0.741,5.271,7.98103571,7626.30019562992,6.26,168.199687475146,88.2,"High Warning"
"Lebanon","2017",88.2,-0.8235857,-0.5761529,-1.627562,28,0.748,5.154,8.44765568,7792.5988604995,6.18,191.07915626004,86.8,"High Warning"
"Lebanon","2018",86.8,-0.7975594,-0.5197493,-1.629085,28,0.747,5.167,8.35297012,8012.53923684943,6.1,207.332768908183,85,"High Warning"
"Libya","2012",84.9,-1.137509,-0.900742,-1.58696,21,0.789,5.754,NA,13025.2793212496,19.03,13.8599194824265,95.3,"Alert"
"Libya","2015",95.3,-1.629307,-1.341629,-2.196628,16,0.697,5.615,NA,4337.91913919348,18.87,24.5188955539247,96.4,"Alert"
"Libya","2016",96.4,-1.817025,-1.430081,-2.28333,14,0.687,5.434,NA,4035.19680169994,18.77,27.647193768047,96.3,"Alert"
"Libya","2017",96.3,-1.785457,-1.44333,-2.362226,17,0.714,5.647,NA,5756.69932474775,18.61,65.6265269207028,94.6,"Alert"
"Libya","2018",94.6,-1.785743,-1.537514,-2.444217,17,0.721,5.494,NA,7877.12460954542,18.46,45.4349104098569,92.2,"Alert"
"Malaysia","2006",66.1,0.4673473,-0.5431479,0.2877234,5,0.737,6.012,3.12453246,6209.12616705899,3.32,9.21152676668129,65.9,"Warning"
"Malaysia","2007",65.9,0.4377053,-0.5235373,0.1937732,5.1,0.75,6.239,3.08224082,7243.45680069813,3.23,7.56538987269464,67.2,"Warning"
"Malaysia","2008",67.2,0.3449331,-0.5631929,0.1083251,5.1,0.761,5.807,3.02357388,8474.58776222379,3.34,5.74056355124928,68.9,"Warning"
"Malaysia","2009",68.9,0.4559681,-0.5038953,-0.0423811,4.5,0.765,5.385,3.27629399,7292.4949731478,3.69,5.04488215119608,69.2,"Warning"
"Malaysia","2010",69.2,0.4781814,-0.4999781,0.1433521,4.4,0.772,5.58,3.18466234,9040.56849464524,3.25,-0.217668525658213,68.7,"Warning"
"Malaysia","2011",68.7,0.4786735,-0.4748749,0.0774098,4.31,0.778,5.786,3.33996487,10399.3702125714,3.05,1.4243850301882,68.5,"Warning"
"Malaysia","2012",68.5,0.4650094,-0.3465392,-0.0052124,49,0.781,5.914,3.48790693,10817.4317100783,3.04,0.630242210645603,66.1,"Warning"
"Malaysia","2013",66.1,0.435685,-0.3396792,0.0517916,50,0.785,5.77,3.52240086,10970.1042996033,3.11,-3.84506748205878,66.2,"Warning"
"Malaysia","2014",66.2,0.5882153,-0.3603031,0.2666191,52,0.791,5.963,3.72527027,11319.0619448482,2.88,0.666965643042731,65.9,"Warning"
"Malaysia","2015",65.9,0.5018221,-0.3914768,0.2589576,50,0.796,6.322,3.81608534,9955.24272167626,3.1,-0.0198209744500005,63.6,"Warning"
"Malaysia","2018",63.6,0.6233432,-0.1071984,0.2515688,47,0.805,5.339,3.7562995,11377.6542013813,3.3,-1.09585013556223,60.5,"Warning"
"Mauritius","2011",44.2,0.9015704,0.7957318,0.9464994,5.07,0.76,5.477,4.3078289,9197.04299089459,7.45,148.266855137325,46.1,"Stable"
"Mauritius","2014",46.1,0.9127631,0.9408962,0.6679659,54,0.789,5.648,5.49399614,10153.9326919124,7.47,35.3626757249689,43.2,"Stable"
"Mauritius","2016",43.2,0.7516838,0.8200555,1.013187,54,0.794,5.61,5.70678568,9681.62310691029,6.81,33.5108072373433,41.7,"Stable"
"Mauritius","2017",41.7,0.7352318,0.7901566,0.9711304,50,0.797,6.174,5.71669579,10484.9058280992,6.75,11.5687566982475,40.5,"Stable"
"Mauritius","2018",40.5,0.7786068,0.7289586,0.8687,51,0.801,5.882,5.82624388,11208.3273037494,6.43,54.6746512931494,38.9,"More Stable"
"Mexico","2007",72.6,-0.4940353,0.121899,-0.7284455,3.5,0.746,6.525,5.76644516,9642.68051672231,3.63,1.03013172967127,72.2,"Elevated Warning"
"Mexico","2008",72.2,-0.6678741,0.1349276,-0.8037661,3.6,0.748,6.829,5.69886971,10016.5712139986,3.87,1.33826322288644,75.4,"Elevated Warning"
"Mexico","2009",75.4,-0.559861,0.2000446,-0.6854959,3.3,0.748,6.963,6.12978458,8002.97217765844,5.36,1.65991056609747,76.1,"Elevated Warning"
"Mexico","2010",76.1,-0.5508172,0.1785069,-0.7264634,3.1,0.748,6.802,5.97513008,9271.39839576997,5.3,3.98560969056038,75.1,"Elevated Warning"
"Mexico","2011",75.1,-0.5491861,0.1216919,-0.6677686,2.97,0.755,6.91,5.70114136,10203.4212952716,5.17,8.35832238071114,73.6,"Elevated Warning"
"Mexico","2012",73.6,-0.5340595,0.1127453,-0.6624542,34,0.759,7.32,5.84224558,10241.727828043,4.89,3.47843042823332,73.1,"Elevated Warning"
"Mexico","2013",73.1,-0.5445455,0.1083923,-0.7142238,34,0.756,7.443,5.9407773,10725.1835873796,4.91,4.73284074208388,71.1,"Elevated Warning"
"Mexico","2014",71.1,-0.4229218,0.0003161,-0.8539188,35,0.761,6.68,5.63038635,10928.9160089988,4.81,6.77071236808478,71.9,"Elevated Warning"
"Mexico","2015",71.9,-0.4471673,-0.075359,-0.7986991,35,0.766,6.236,5.79708719,9616.64555810607,4.31,2.63478266501805,70.4,"Elevated Warning"
"Mexico","2016",70.4,-0.5563735,-0.0675288,-0.6290694,30,0.768,6.824,5.61569786,8744.51555912786,3.86,6.56221400417051,74.3,"Elevated Warning"
"Mexico","2017",74.3,-0.5586059,-0.077843,-0.7974465,29,0.771,6.41,5.51889515,9287.84958732302,3.42,6.04765312370585,71.5,"Elevated Warning"
"Mexico","2018",71.5,-0.6365064,-0.0166965,-0.648208,28,0.776,6.55,5.37147474,9686.51424383118,3.28,4.35293275061065,69.7,"Warning"
"Namibia","2007",71.3,0.1018893,0.4497547,1.018452,4.5,0.559,4.886,10.79394531,4405.41039694041,21.56,110.066406698734,71.5,"Elevated Warning"
"Namibia","2014",71.5,0.1477538,0.5533006,0.6087406,49,0.631,4.574,8.17065144,5469.90140143946,18.52,99.5062083484147,70.4,"Elevated Warning"
"Namibia","2017",70.4,0.2329533,0.5518577,0.6283516,51,0.644,4.441,8.28922272,5367.11467314944,21.57,79.2675325876103,68.8,"Warning"
"Namibia","2018",68.8,0.283602,0.458029,0.6915024,53,0.645,4.834,7.95077181,5587.98561266432,19.88,65.126821446817,66.4,"Warning"
"Nigeria","2006",94.4,-1.071911,-0.6232978,-2.034141,2.2,0.473,4.71,4.25775146,1656.42479354329,3.69,80.2027213733003,95.6,"Alert"
"Nigeria","2007",95.6,-1.065673,-0.76044,-2.011331,2.2,0.478,4.89,3.90997219,1883.46138847202,3.62,13.3839029911106,95.7,"Alert"
"Nigeria","2008",95.7,-1.038765,-0.7356038,-1.860629,2.7,0.484,4.939,3.69581532,2242.87190046259,3.59,8.60932471569756,99.8,"Alert"
"Nigeria","2009",99.8,-1.153015,-0.8488722,-1.995072,2.5,0.49,4.98,3.58019733,1891.33529693097,3.75,10.6219383016814,100.2,"High Alert"
"Nigeria","2010",100.2,-1.157983,-0.7770869,-2.211123,2.4,0.482,4.76,3.29653287,2280.43733738126,3.77,12.9483825473349,101.1,"High Alert"
"Nigeria","2012",101.1,-1.146224,-0.7002199,-2.042074,27,0.5,5.493,3.35984278,2723.82219093859,3.74,11.458373256103,100.7,"High Alert"
"Nigeria","2013",100.7,-1.113723,-0.6930282,-2.088478,25,0.519,4.818,3.4206934,2961.54942175947,3.7,14.6462199834015,102.5,"High Alert"
"Nigeria","2015",102.5,-0.9616836,-0.3732246,-1.925443,26,0.526,4.933,3.58195019,2687.48005643212,4.31,13.4237286953503,103.5,"High Alert"
"Nigeria","2016",103.5,-1.017473,-0.319409,-1.87771,28,0.526,5.22,3.64773679,2176.00277201515,7.06,13.4340001264262,101.6,"High Alert"
"Nigeria","2017",101.6,-0.8708053,-0.3400025,-1.999155,27,0.531,5.322,3.75553846,1968.56539847444,8.39,17.597856240888,99.9,"Alert"
"Nigeria","2018",99.9,-0.8801294,-0.4307562,-2.101823,27,0.534,5.252,3.88990784,2027.77854863842,8.45,16.8727773636082,98.5,"Alert"
"Panama","2006",59.6,-0.1327938,0.6015216,-0.0680277,3.1,0.759,6.128,6.45193529,5348.88425269771,3.61,11.4427308803918,59.4,"Less Stable"
"Panama","2007",59.4,-0.1498149,0.6212651,-0.0606814,3.2,0.767,6.894,6.92857409,6166.18786213279,3.52,-36.9664621120382,58.6,"Less Stable"
"Panama","2008",58.6,-0.1745903,0.600691,-0.0970655,3.4,0.771,6.931,6.84644938,7154.274496019,3.48,10.0790507680183,59.7,"Less Stable"
"Panama","2009",59.7,-0.0882209,0.5912631,0.0636812,3.4,0.772,7.034,6.99648428,7576.14046655482,3.68,18.5934633856189,59.3,"Less Stable"
"Panama","2010",59.3,-0.0737941,0.5371985,-0.1160482,3.6,0.774,7.321,7.08509684,8082.01958387357,3.71,35.5808386191285,57.8,"Less Stable"
"Panama","2011",57.8,0.0187698,0.5346385,-0.0282189,3.27,0.78,7.248,6.59314489,9358.26157385486,2.31,29.9313721840609,56.1,"Less Stable"
"Panama","2012",56.1,-0.1916678,0.4694169,-0.1794327,38,0.786,6.86,6.56412029,10722.2523527204,2.39,13.6183954358142,55.8,"Less Stable"
"Panama","2013",55.8,-0.216099,0.4242718,-0.1412609,35,0.791,6.866,6.65125561,11889.0705568347,2.3,2.4012846581238,55.7,"Less Stable"
"Panama","2014",55.7,-0.0596157,0.5056279,0.2090082,37,0.795,6.631,6.92144489,12796.0575304045,2.72,-49.5371926275132,54.6,"Less Stable"
"Panama","2015",54.6,-0.1064381,0.5585108,0.3860773,39,0.799,6.606,6.8090291,13630.3228683958,3,2.58284637229778,53.2,"Less Stable"
"Panama","2016",53.2,0.0494793,0.5239984,0.4114301,38,0.805,6.118,7.31549644,14343.981394441,3.32,5.60059246150654,50.7,"Less Stable"
"Panama","2017",50.7,0.0317585,0.5194804,0.389817,37,0.811,6.568,6.89914465,15146.4023742294,3.9,10.1661551528162,49.5,"Stable"
"Panama","2018",49.5,-0.0919927,0.5434304,0.2609004,37,0.812,6.281,7.26584625,15544.7335180331,3.89,9.36108071265865,47,"Stable"
"Peru","2006",79.2,-0.6867918,0.0919349,-0.8405385,3.3,0.697,4.811,4.53801537,3154.3313491397,4.26,16.3653510000064,76.4,"Elevated Warning"
"Peru","2007",76.4,-0.7295002,0.108357,-0.7730581,3.5,0.704,5.214,4.40380144,3606.07068932344,3.92,11.3415250507055,77.5,"Elevated Warning"
"Peru","2008",77.5,-0.7044131,0.1521348,-0.8907055,3.6,0.715,5.129,4.4459281,4220.61637832028,3.82,16.6159464539976,77.1,"Elevated Warning"
"Peru","2009",77.1,-0.613784,0.083486,-1.179883,3.7,0.718,5.519,4.95060587,4196.31162707942,3.73,15.3841279706233,76.9,"Elevated Warning"
"Peru","2010",76.9,-0.5629089,0.1111375,-0.9999154,3.5,0.721,5.613,4.7206192,5082.35370614454,3.3,-10.296724183553,73.6,"Elevated Warning"
"Peru","2011",73.6,-0.5764814,0.1312396,-0.7607497,3.39,0.734,5.892,4.6209321,5869.32388186462,3.27,20.1856763395556,73.5,"Elevated Warning"
"Peru","2012",73.5,-0.574353,0.1142629,-0.9073647,38,0.742,5.825,4.75655174,6528.9717753128,2.94,13.0668228417457,72.3,"Elevated Warning"
"Peru","2013",72.3,-0.5660233,0.084785,-0.8057398,38,0.75,5.783,4.70197392,6756.75299620034,3.21,12.2140180915686,72.9,"Elevated Warning"
"Peru","2014",72.9,-0.5211661,0.1925171,-0.5506569,38,0.76,5.866,4.99472809,6672.8773725884,2.85,10.9104662379371,72,"Elevated Warning"
"Peru","2015",72,-0.4855335,0.2273678,-0.3975714,36,0.759,5.577,5.03110838,6229.10067398112,2.92,10.9885745328417,72,"Elevated Warning"
"Peru","2016",72,-0.4821758,0.2689729,-0.2017269,35,0.765,5.701,5.06576538,6204.9964574796,3.38,10.3537359979478,70.3,"Elevated Warning"
"Peru","2017",70.3,-0.5033391,0.2744299,-0.2595458,37,0.767,5.711,4.99378443,6710.50760214164,3.35,-0.0400708564202134,70.1,"Elevated Warning"
"Peru","2018",70.1,-0.5290633,0.2022388,-0.2704434,35,0.771,5.68,5.23800182,6957.79341149359,3.18,14.0909773877463,68.2,"Warning"
"Qatar","2009",51.9,0.9084893,-1.003545,1.223623,7,0.841,6.418,2.14952278,59094.6591838465,0.31,NA,51.8,"Less Stable"
"Qatar","2010",51.8,0.8519857,-1.012166,1.153856,7.7,0.834,6.85,1.78923905,67403.0876779676,0.45,NA,49.5,"Stable"
"Qatar","2011",49.5,0.7575913,-1.084917,1.174731,7.16,0.84,6.592,1.59996212,82409.9416434106,0.56,NA,48,"Stable"
"Qatar","2012",48,0.9581549,-0.9217734,1.223599,68,0.854,6.611,1.74822152,85075.9865369665,0.48,NA,46.3,"Stable"
"Saudi Arabia","2007",76.5,0.0772642,-1.705147,-0.466703,3.4,0.783,7.267,3.56229401,16516.6317804658,5.73,-5.20437348904995,76.9,"Elevated Warning"
"Saudi Arabia","2008",76.9,0.0746007,-1.729974,-0.3371701,3.5,0.792,6.811,2.97100711,20078.2600730401,5.08,NA,77.5,"Elevated Warning"
"Saudi Arabia","2009",77.5,0.0502953,-1.822264,-0.4911588,4.3,0.796,6.148,4.29042768,16113.1437100059,5.38,NA,77.5,"Elevated Warning"
"Saudi Arabia","2010",77.5,0.1550169,-1.788064,-0.226727,4.7,0.809,6.307,3.64786124,19262.5476010256,5.55,NA,75.2,"Elevated Warning"
"Saudi Arabia","2011",75.2,0.0515989,-1.907197,-0.4647996,4.39,0.823,6.7,3.71178317,23745.8805777495,5.77,NA,73.4,"Elevated Warning"
"Saudi Arabia","2012",73.4,0.1488518,-1.86564,-0.4806882,44,0.835,6.396,4.01962948,25243.6019982366,5.52,NA,72.7,"Elevated Warning"
"Saudi Arabia","2013",72.7,0.1571441,-1.876409,-0.4317841,46,0.845,6.495,4.46568823,24845.1246637862,5.57,NA,73.1,"Elevated Warning"
"Saudi Arabia","2014",73.1,0.1320963,-1.882014,-0.2858447,49,0.852,6.278,5.22794724,24464.2125570307,5.72,NA,71.6,"Elevated Warning"
"Saudi Arabia","2015",71.6,0.1177256,-1.842696,-0.626399,52,0.859,6.345,5.99834013,20627.9269288204,5.59,NA,72.2,"Elevated Warning"
"Saudi Arabia","2016",72.2,0.3375647,-1.727506,-0.4648285,46,0.859,6.474,5.83562613,19878.7638365016,5.65,NA,71.2,"Elevated Warning"
"Saudi Arabia","2017",71.2,0.1009025,-1.691297,-0.6378249,49,0.852,6.294,7.00368643,20802.4663134648,5.89,NA,70.2,"Elevated Warning"
"Saudi Arabia","2018",70.2,0.1418254,-1.69599,-0.6224066,49,0.854,6.356,6.3615365,23337.0175494347,6.04,NA,70.4,"Elevated Warning"
"South Africa","2006",55.7,0.255048,0.6516131,0.0481969,4.6,0.626,5.084,6.58706188,5602.01046615218,28.34,14.915404926612,57.4,"Less Stable"
"South Africa","2007",57.4,0.0949021,0.5787652,0.2158346,5.1,0.632,5.204,6.4313159,6095.62157019026,26.54,16.1873734316484,62.7,"Warning"
"South Africa","2008",62.7,0.0725051,0.5756481,0.0497333,4.9,0.646,5.346,6.54576063,5760.80517151179,22.41,22.3969839250141,67.4,"Warning"
"South Africa","2009",67.4,0.1239867,0.5705026,-0.1132994,4.7,0.655,5.218,7.11458683,5862.79710791594,23.52,21.2805788193319,67.9,"Warning"
"South Africa","2010",67.9,0.1411913,0.6020697,-0.029427,4.5,0.664,4.652,7.41535425,7328.61519967084,24.68,20.2329438900833,67.6,"Warning"
"South Africa","2011",67.6,0.1524518,0.5908386,0.0240316,4.08,0.665,4.931,7.49731731,8007.47643908404,24.64,26.8628652537046,66.8,"Warning"
"South Africa","2012",66.8,0.1104267,0.5821533,-0.0253867,43,0.675,5.134,7.7525506,7501.66109639676,24.73,20.1736951391125,67.6,"Warning"
"South Africa","2013",67.6,0.1580778,0.6007034,-0.0462945,42,0.685,3.661,7.72096157,6832.72554600295,24.56,24.1275718493086,66.6,"Warning"
"South Africa","2014",66.6,0.1827036,0.6421182,-0.146389,44,0.693,4.828,7.93015003,6433.40040236585,24.89,19.7527938893368,67,"Warning"
"South Africa","2015",67,0.0881371,0.650173,-0.2129929,44,0.701,4.887,8.20090294,5734.63342207587,25.15,25.6429523215586,69.9,"Warning"
"South Africa","2016",69.9,0.1161583,0.6512255,-0.141504,45,0.703,4.77,8.09581757,5272.5436481983,26.54,20.9985660367485,72.3,"Elevated Warning"
"South Africa","2017",72.3,-0.0425192,0.6327685,-0.2775617,43,0.705,4.514,8.11311913,6131.47944960886,27.04,17.8006390092563,72.9,"Elevated Warning"
"South Africa","2018",72.9,-0.1022561,0.6290036,-0.2277793,43,0.707,4.884,8.25342083,6372.60565499345,26.91,15.9387411147401,71.1,"Elevated Warning"
"Thailand","2006",74.9,-0.0557727,-0.739194,-1.130407,3.6,0.697,5.885,3.09970689,3369.54319807344,1.22,-3.25424300853523,76,"Elevated Warning"
"Thailand","2007",76,-0.1189613,-0.5625023,-1.111438,3.3,0.714,5.784,3.19277501,3973.01717157725,1.18,-4.64219446202717,75.6,"Elevated Warning"
"Thailand","2008",75.6,-0.1402466,-0.5296669,-1.271436,3.5,0.718,5.636,3.45933962,4379.65878719505,1.18,-9.25147968308335,79.2,"Elevated Warning"
"Thailand","2009",79.2,-0.2301871,-0.4558837,-1.424786,3.4,0.722,5.476,3.6193974,4213.00665375142,0.93,-0.464056675490954,78.8,"Elevated Warning"
"Thailand","2010",78.8,-0.2046878,-0.495822,-1.442788,3.5,0.724,6.217,3.39009976,5076.33987220163,0.62,-0.302998599812433,78.3,"Elevated Warning"
"Thailand","2011",78.3,-0.2038983,-0.4051817,-1.133534,3.38,0.733,6.664,3.56825638,5492.12149993341,0.66,-1.98642202469328,77,"Elevated Warning"
"Thailand","2012",77,-0.1510798,-0.3211412,-1.216631,37,0.737,6.3,3.52293992,5860.58147053475,0.58,-1.93658315866599,75.1,"Elevated Warning"
"Thailand","2013",75.1,-0.1205995,-0.4299258,-1.311683,35,0.734,6.231,3.45313358,6168.26135569944,0.21,0.422484468861352,77,"Elevated Warning"
"Thailand","2014",77,-0.1914607,-0.8747826,-0.9063863,38,0.742,6.985,3.68448043,5951.88348654008,0.58,5.17996047744218,79.1,"Elevated Warning"
"Thailand","2015",79.1,-0.1477922,-0.9691051,-0.9944293,38,0.749,6.202,3.66789317,5840.05306687798,0.6,0.853822438441944,78.8,"Elevated Warning"
"Thailand","2016",78.8,-0.0049648,-1.023132,-0.9885814,35,0.756,6.074,3.76332021,5993.30551610045,0.69,3.30253244242714,76.2,"Elevated Warning"
"Thailand","2017",76.2,0.0373115,-1.045534,-0.7528449,37,0.765,5.939,3.83202839,6593.81835157138,0.83,3.6153830781073,75,"Elevated Warning"
"Thailand","2018",75,0.0227488,-1.022456,-0.7996719,36,0.772,6.012,3.79303908,7296.87960772339,0.77,-6.04003087989711,73.1,"Elevated Warning"
"Trinidad and Tobago","2008",67,-0.1888208,0.5336419,-0.1158731,3.6,0.778,6.696,3.65757036,21204.0081810259,4.22,7.06760015934664,63.7,"Warning"
"Trinidad and Tobago","2011",63.7,-0.1539464,0.5207429,0.1410804,3.17,0.782,6.519,4.72197914,19034.1207062684,3.43,NA,62.6,"Warning"
"Trinidad and Tobago","2013",62.6,-0.1685572,0.4822901,0.0936861,38,0.783,6.168,5.05915737,20143.5454060659,2.68,NA,56.7,"Less Stable"
"Tunisia","2009",67.6,0.1295527,-1.358339,0.0617746,4.2,0.709,5.025,5.67045975,4128.46395929364,13.29,46.9033341793338,67.5,"Warning"
"Tunisia","2010",67.5,0.0617256,-1.416165,-0.0639764,4.3,0.716,5.131,5.88395596,4141.97596390705,13.05,51.7289469508284,70.1,"Elevated Warning"
"Tunisia","2011",70.1,-0.1321484,-0.3705043,-0.3537418,3.76,0.718,4.876,6.43202877,4264.6781221604,18.33,86.1330297427441,74.2,"Elevated Warning"
"Tunisia","2012",74.2,-0.129358,-0.1716522,-0.7213169,41,0.72,4.464,6.6064229,4152.68439365665,17.63,94.2316460315601,76.5,"Elevated Warning"
"Tunisia","2013",76.5,-0.1893115,-0.0844274,-0.9025633,41,0.723,5.246,6.85662031,4222.70514036347,15.93,65.2481786543999,77.5,"Elevated Warning"
"Tunisia","2014",77.5,-0.1097689,0.192784,-0.8516615,40,0.726,4.764,6.80739641,4305.48235674968,15.06,83.402670946958,75.7,"Elevated Warning"
"Tunisia","2015",75.7,-0.0661719,0.2414132,-0.9603872,38,0.729,5.132,7.00741243,3861.69240015155,15.16,44.3535034381804,74.6,"Elevated Warning"
"Tunisia","2016",74.6,-0.0031901,0.3045838,-1.141327,41,0.731,4.521,6.99717045,3697.93872935664,15.51,57.2207471804278,74.2,"Elevated Warning"
"Tunisia","2017",74.2,0.0586774,0.1625191,-1.024682,42,0.734,4.124,7.25768566,3481.24110633379,15.38,71.0101383895586,72.1,"Elevated Warning"
"Tunisia","2018",72.1,0.0387995,0.183877,-0.8688817,43,0.738,4.741,7.29209566,3438.80506664387,15.46,69.7592622712178,70.1,"Elevated Warning"
"Turkey","2007",74.9,0.021233,-0.0533246,-0.8175476,4.1,0.712,5.623,5.23760796,9791.88245001167,8.87,11.4348774487172,75.4,"Elevated Warning"
"Turkey","2008",75.4,0.0830613,-0.0412864,-0.8235704,4.6,0.714,5.118,5.21761799,10941.172146426,9.71,15.8690997838576,78.2,"Elevated Warning"
"Turkey","2009",78.2,0.1048895,-0.0555225,-1.031842,4.4,0.72,5.213,5.49438715,9103.47405061243,12.55,19.0158897068628,77.1,"Elevated Warning"
"Turkey","2010",77.1,0.1106696,-0.0848207,-0.9152855,4.4,0.739,5.49,5.02053452,10742.7749787626,10.66,14.5117325744766,74.9,"Elevated Warning"
"Turkey","2011",74.9,0.0747859,-0.1368507,-0.9599971,4.21,0.753,5.272,4.6530509,11420.5554558378,8.8,44.7729347549232,76.6,"Elevated Warning"
"Turkey","2012",76.6,0.0363026,-0.2069335,-1.220532,49,0.765,5.309,4.44444656,11795.6334567571,8.15,41.689568849109,75.9,"Elevated Warning"
"Turkey","2013",75.9,0.0668904,-0.2513264,-1.249933,50,0.785,4.888,4.37099981,12614.7816100386,8.73,37.5083708803457,74.1,"Elevated Warning"
"Turkey","2014",74.1,0.0050337,-0.3384197,-1.086036,45,0.796,5.58,4.32517862,12157.9904337823,9.88,44.6303632880921,74.6,"Elevated Warning"
"Turkey","2015",74.6,-0.1131079,-0.3677201,-1.493914,42,0.801,5.514,4.11690378,11006.2795239649,10.24,27.2669809688458,77.3,"Elevated Warning"
"Turkey","2016",77.3,-0.2087604,-0.6071846,-2.009063,41,0.808,5.326,4.28469229,10894.6033779275,10.84,45.2109041405268,80.8,"High Warning"
"Turkey","2017",80.8,-0.2548287,-0.7058599,-1.788514,40,0.814,5.607,4.17974997,10589.667724687,10.82,38.7986644156498,82.2,"High Warning"
"Turkey","2018",82.2,-0.3175219,-0.851069,-1.318893,41,0.817,5.186,4.12414074,9453.19617174191,10.89,14.4498269169748,80.3,"High Warning"
"United Arab Emirates","2009",51.8,0.4048463,-0.8383121,0.9208406,6.5,0.819,6.866,4.04999352,32024.1977823245,2.53,NA,52.4,"Less Stable"
"United Arab Emirates","2010",52.4,0.3230359,-0.9035128,0.8017579,6.3,0.82,7.097,3.87873054,33893.2638727391,2.36,NA,50.4,"Less Stable"
"United Arab Emirates","2011",50.4,0.5047616,-0.8962441,0.9121757,6.82,0.826,7.119,3.67006993,39194.672239975,2.23,NA,48.9,"Stable"
"United Arab Emirates","2012",48.9,0.5394836,-1.000819,0.8632514,68,0.832,7.218,3.42519474,40976.4907464015,2.09,NA,47.3,"Stable"
"United Arab Emirates","2013",47.3,0.6189437,-1.019484,0.8947922,69,0.838,6.621,3.59299517,42412.6395002704,1.95,NA,47.6,"Stable"
"United Arab Emirates","2014",47.6,0.652148,-1.061369,0.7689089,70,0.847,6.54,3.63020706,43751.8056478669,1.84,NA,46.2,"Stable"
"United Arab Emirates","2015",46.2,0.6407622,-1.112425,0.7595454,70,0.859,6.568,3.58359146,38663.4005026605,1.74,NA,44.5,"Stable"
"United Arab Emirates","2016",44.5,0.849066,-1.050371,0.5647489,66,0.864,6.831,3.4034214,38141.8671313451,1.64,NA,43.7,"Stable"
"United Arab Emirates","2017",43.7,0.8007955,-1.096847,0.6186414,71,0.881,7.039,4.14456415,40644.7911901772,2.46,NA,42.8,"Stable"
"United Arab Emirates","2018",42.8,0.8065467,-1.126925,0.7049762,70,0.889,6.604,4.22590351,43839.3244866903,2.23,NA,40.1,"Stable"
"Uruguay","2006",41.2,0.5625108,1.030711,0.8994041,6.4,0.763,5.786,8.41139698,5887.84516224163,10.84,7.40060696714101,40.9,"Stable"
"Uruguay","2007",40.9,0.6046594,1.045523,0.8354977,6.7,0.765,5.694,8.14048386,7026.50305539297,9.4,11.1172709728264,41.4,"Stable"
"Uruguay","2008",41.4,0.5952185,1.062145,0.8462693,6.9,0.769,5.664,8.82686996,9091.0790391692,8.03,9.83767260021166,41.2,"Stable"
"Uruguay","2009",41.2,0.7180718,1.105795,0.7903185,6.7,0.775,6.296,8.63627434,9451.93244869934,7.74,15.1447481912389,41.3,"Stable"
"Uruguay","2010",41.3,0.7386154,1.146545,0.824986,6.9,0.782,6.062,8.59421539,11992.0237658273,7.16,13.6666474702747,40.4,"Stable"
"Uruguay","2011",40.4,0.6989948,1.121431,0.9570969,7.04,0.789,6.554,8.63529015,14236.7149957359,6.31,5.41121993841251,40.5,"Stable"
"Uruguay","2012",40.5,0.5931489,1.060967,0.7091678,72,0.793,6.45,8.76412106,15171.5801734227,6.45,5.13765287116703,38.4,"More Stable"
"Uruguay","2013",38.4,0.5642031,1.085263,0.8047382,73,0.8,6.444,8.81995773,16973.6892364718,6.44,10.7746540892832,37.9,"More Stable"
"Uruguay","2014",37.9,0.7104971,1.107863,0.9918796,73,0.803,6.561,8.77023602,16831.9481943721,6.55,26.9288758583301,36.4,"More Stable"
"Uruguay","2015",36.4,0.71231,1.143404,1.004238,74,0.806,6.628,9.00821114,15613.7459681824,7.49,6.79364360721246,36.2,"More Stable"
"Uruguay","2016",36.2,0.63039,1.163035,1.06258,71,0.81,6.171,9.42438793,16715.6334746253,7.84,5.32980699673699,36.8,"More Stable"
"Uruguay","2017",36.8,0.5833325,1.167399,1.05078,70,0.814,6.336,9.51635647,18690.8938401411,7.89,12.1164680639544,35.4,"More Stable"
"Uruguay","2018",35.4,0.59304,1.18045,1.034957,70,0.816,6.372,9.20269966,18703.8602924478,8.34,NA,34,"More Stable"
