"Country Name","Year","FSI","Rule of Law","Voice.Accountability","No violence Index","CorruptionPI","Human Development Index","Life_Satisfaction","Healthcare_Exp","GDP Per Capita","Unemployment Rate","FSI (Year+1)"
"Australia","2007",23.2,1.761237,1.3692,0.9287898,8.6,0.912,7.285,8.06755352,40960.0544948199,4.38,24.6
"Australia","2008",24.6,1.770851,1.368076,0.9556448,8.7,0.926,7.254,8.25585651,49601.6567082178,4.23,27.3
"Australia","2010",27.3,1.764987,1.419766,0.8888599,8.7,0.93,7.45,8.4308424,52022.1255961876,5.21,28.1
"Australia","2011",28.1,1.742514,1.453721,0.9357101,8.84,0.932,7.406,8.54153824,62517.8337471503,5.08,29.2
"Australia","2012",29.2,1.766858,1.49919,0.9979972,85,0.937,7.196,8.67564774,68012.1479005934,5.22,25.4
"Australia","2013",25.4,1.778535,1.436414,1.031073,81,0.931,7.364,8.76116371,68150.1070413215,5.66,26.3
"Australia","2014",26.3,1.923046,1.361716,1.032192,80,0.933,7.289,9.03597069,62510.7911705641,6.08,24.3
"Australia","2015",24.3,1.825073,1.355591,0.8849798,79,0.938,7.309,9.32331181,56755.7217124249,6.05,22.5
"Australia","2016",22.5,1.755667,1.353702,1.047958,79,0.939,7.25,9.20071316,49971.131456129,5.71,22.3
"Australia","2017",22.3,1.686461,1.375636,0.8960608,77,0.941,7.257,9.20544815,54027.9668184568,5.59,20.8
"Australia","2018",20.8,1.715382,1.380593,0.989604,77,0.943,7.177,9.28459835,57354.9640455891,5.3,19.7
"Austria","2006",26.1,1.913557,1.372685,1.075933,8.6,0.87,7.122,9.5311327,40635.2818159724,5.24,25.9
"Austria","2008",25.9,1.922995,1.358464,1.339206,8.1,0.893,7.181,9.72564602,51708.7657541758,4.13,27.2
"Austria","2010",27.2,1.808519,1.430291,1.152648,7.9,0.904,7.303,10.22101879,46858.0432733717,4.82,27.3
"Austria","2011",27.3,1.808492,1.402444,1.193522,7.79,0.906,7.471,10.02613258,51374.9584066934,4.56,27.5
"Austria","2012",27.5,1.864357,1.448773,1.340567,69,0.908,7.401,10.19915581,48567.69528642,4.87,26.9
"Austria","2013",26.9,1.84264,1.456567,1.364101,69,0.905,7.499,10.28574944,50716.7087062864,5.34,28.5
"Austria","2014",28.5,1.942881,1.391321,1.2707,72,0.913,6.95,10.36809254,51717.4959405515,5.62,25.8
"Austria","2015",25.8,1.849107,1.383533,1.143079,76,0.915,7.076,10.36746693,44178.0473777432,5.72,27.5
"Austria","2016",27.5,1.800264,1.337481,0.9096388,75,0.917,7.048,10.3522625,45276.8314351693,6.01,27.7
"Austria","2017",27.7,1.84235,1.385913,1.046833,75,0.919,7.294,10.38262367,47309.3662735282,5.5,26.2
"Austria","2018",26.2,1.896155,1.387745,0.902334,76,0.921,7.396,10.32559872,51453.1470238016,4.85,25
"Belgium","2007",25.5,1.330672,1.360771,0.7574292,7.1,0.907,7.219,9.16709423,44262.8960009954,7.46,29
"Belgium","2008",29,1.345495,1.324988,0.6212433,7.3,0.906,7.117,9.63237667,48106.892915788,6.98,32
"Belgium","2010",32,1.424744,1.360687,0.8106462,7.1,0.91,6.854,10.23373413,44141.8781415734,8.29,34.1
"Belgium","2011",34.1,1.443449,1.325163,0.9545354,7.49,0.911,7.111,10.39215851,47348.5250202016,7.14,33.5
"Belgium","2012",33.5,1.455392,1.349422,0.9235997,75,0.913,6.935,10.50683689,44673.1158755901,7.54,30.9
"Belgium","2013",30.9,1.464392,1.373046,0.9400827,75,0.916,7.104,10.56154251,46744.6625441516,8.43,32
"Belgium","2014",32,1.551951,1.366339,0.7012694,76,0.918,6.855,10.44007111,47700.5403601178,8.52,30.5
"Belgium","2015",30.5,1.488841,1.38744,0.5870946,77,0.922,6.904,10.42703342,40991.8081381432,8.48,29
"Belgium","2016",29,1.429943,1.377026,0.4413673,77,0.924,6.949,10.28172588,41984.1030335609,7.83,30.8
"Belgium","2017",30.8,1.358459,1.338482,0.4281858,75,0.929,6.928,10.40608311,44089.3100875118,7.09,29.7
"Belgium","2018",29.7,1.376737,1.318997,0.4023501,75,0.93,6.892,10.31865311,47554.7463078937,5.95,28.6
"Bulgaria","2007",60.3,-0.0459552,0.6909354,0.3582801,4.1,0.773,3.844,6.16035938,5885.10434781837,6.88,61.2
"Bulgaria","2010",61.2,-0.0888702,0.5314857,0.3600911,3.6,0.788,3.912,7.14063406,6812.40633845402,10.28,59
"Bulgaria","2011",59,-0.1283149,0.4500802,0.3017503,3.33,0.791,3.875,7.14162683,7809.42506245471,11.26,56.3
"Bulgaria","2012",56.3,-0.1037946,0.4009156,0.379834,41,0.795,4.222,7.57881832,7395.84980340721,12.27,55
"Bulgaria","2013",55,-0.1302277,0.3372708,0.1707104,41,0.801,3.993,7.1707921,7655.12970759319,12.94,54.4
"Bulgaria","2014",54.4,-0.0763632,0.366463,0.0785409,43,0.806,4.438,7.7096777,7876.86646539994,11.42,55.4
"Bulgaria","2015",55.4,-0.1256403,0.432573,0.0173222,41,0.809,4.865,7.41338348,7055.93567291245,9.14,53.7
"Bulgaria","2016",53.7,-0.1051676,0.4021857,0.0773333,41,0.811,4.838,7.4799428,7548.85500737534,7.58,53.7
"Bulgaria","2017",53.7,-0.0883203,0.4298145,0.3320499,43,0.811,5.097,7.45326805,8334.08172775332,6.16,51.7
"Bulgaria","2018",51.7,-0.0698142,0.3566663,0.4562779,42,0.813,5.099,7.34667873,9427.73043039881,5.21,50.6
"Canada","2007",25.1,1.814706,1.384672,1.006867,8.7,0.896,7.482,9.43898201,44659.8951408034,6.04,26.3
"Canada","2008",26.3,1.80829,1.407529,1.04185,8.7,0.898,7.486,9.59853268,46710.5055759013,6.14,27.7
"Canada","2009",27.7,1.804082,1.401846,1.126739,8.7,0.898,7.488,10.70911217,40876.3101540295,8.34,27.9
"Canada","2010",27.9,1.805736,1.352596,0.9363182,8.9,0.901,7.65,10.6837883,47562.0834253057,8.06,27.7
"Canada","2011",27.7,1.736465,1.380145,1.077176,8.67,0.903,7.426,10.33907032,52223.696112356,7.51,26.8
"Canada","2012",26.8,1.763494,1.437505,1.113016,84,0.906,7.415,10.42859364,52669.0899632316,7.29,26
"Canada","2013",26,1.755872,1.453487,1.061422,81,0.913,7.594,10.34045982,52635.1749580433,7.07,27.4
"Canada","2014",27.4,1.890623,1.41236,1.175504,81,0.918,7.304,10.25013065,50955.9983232404,6.91,25.6
"Canada","2015",25.6,1.84192,1.467126,1.274698,83,0.921,7.413,10.68328094,43596.1355365546,6.91,23.8
"Canada","2016",23.8,1.841268,1.445155,1.256059,82,0.923,7.245,10.97903442,42315.6037056806,7,22.6
"Canada","2017",22.6,1.806023,1.477724,1.102063,82,0.926,7.415,10.78964806,45129.3564395662,6.34,21.5
"Canada","2018",21.5,1.756561,1.490146,0.9791259,81,0.928,7.175,10.79046917,46454.7433947203,5.83,20
"Croatia","2007",60.5,0.0876414,0.517976,0.6047199,4.1,0.808,5.821,7.46290779,13937.448387519,9.91,60.1
"Croatia","2009",60.1,0.1621467,0.4862779,0.6115873,4.1,0.812,5.433,8.17594814,14540.6416034433,9.2,59
"Croatia","2010",59,0.2019625,0.4764283,0.6084636,4.1,0.815,5.596,8.10364056,13949.3264974977,11.62,57.3
"Croatia","2011",57.3,0.2178908,0.5210824,0.6237471,4.03,0.823,5.385,7.79134035,14609.5243524166,13.68,56.3
"Croatia","2012",56.3,0.2455959,0.5408306,0.6068915,46,0.825,6.028,7.7956953,13258.3598451041,15.94,54.1
"Croatia","2013",54.1,0.2774972,0.5137413,0.6426679,48,0.83,5.885,6.53333521,13674.4178049999,17.25,52.9
"Croatia","2014",52.9,0.3045185,0.5149403,0.6191124,48,0.835,5.381,6.69970798,13599.4097770608,17.29,51
"Croatia","2015",51,0.18684,0.5555071,0.590728,51,0.84,5.205,6.78635979,11781.7347932429,16.18,52.4
"Croatia","2016",52.4,0.3843882,0.5253699,0.6637695,49,0.841,5.417,6.82976627,12361.4838303671,13.1,50.6
"Croatia","2017",50.6,0.3588388,0.4791637,0.6920319,49,0.845,5.343,6.77827311,13451.6249479152,11.21,48.7
"Croatia","2018",48.7,0.352705,0.4375764,0.8028065,48,0.848,5.536,6.82702351,15014.0850191716,8.43,47.5
"Cyprus","2006",70.5,1.105021,1.052067,0.5397544,5.6,0.842,6.238,5.46357489,26729.3234045802,4.54,68.9
"Cyprus","2009",68.9,1.212835,1.068028,0.3891754,6.6,0.862,6.833,6.46531582,32109.2425148579,5.36,68
"Cyprus","2010",68,1.216268,1.023391,0.4524448,6.3,0.856,6.387,6.51767111,31023.6383309791,6.26,67.6
"Cyprus","2011",67.6,1.072972,1.053583,0.6079845,6.27,0.86,6.69,6.44928503,32396.3857437121,7.86,66.8
"Cyprus","2012",66.8,1.099575,1.022024,0.6351261,66,0.859,6.181,6.55474567,28912.1569390403,11.8,67
"Cyprus","2013",67,1.036493,0.9808227,0.5633472,63,0.86,5.439,6.94518471,27729.1926990735,15.87,67.9
"Cyprus","2014",67.9,1.076946,1.01997,0.5518821,63,0.862,5.627,6.9609561,27163.3329657606,16.09,66.2
"Cyprus","2015",66.2,1.039793,1.031584,0.5508665,61,0.865,5.439,6.92568588,23408.3366816249,14.91,64
"Cyprus","2016",64,0.7213519,1.04664,0.6042547,55,0.873,5.795,6.83423901,24605.9208328767,12.95,62.6
"Cyprus","2017",62.6,0.8882236,1.056237,0.5378655,57,0.878,6.062,6.73828936,26444.0743777801,11.05,60.3
"Cyprus","2018",60.3,0.7535621,1.005624,0.491743,59,0.885,6.276,6.76976299,29089.4713273857,8.37,57.8
"Denmark","2007",22.2,2.01373,1.477704,1.117682,9.4,0.911,7.834,9.3251543,58487.0549677696,3.8,21.5
"Denmark","2008",21.5,1.966503,1.538306,1.065299,9.3,0.917,7.971,9.51134396,64322.0635020842,3.68,23.2
"Denmark","2009",23.2,1.924757,1.538261,1.000632,9.3,0.914,7.683,10.67432022,58163.2768762815,6.41,22.9
"Denmark","2010",22.9,1.905866,1.541957,1.040961,9.3,0.917,7.771,10.33315945,58041.3984363385,7.75,23.8
"Denmark","2011",23.8,1.929628,1.551707,1.100293,9.39,0.93,7.788,10.15291023,61753.647131977,7.77,23
"Denmark","2012",23,1.882329,1.674114,0.9149107,90,0.931,7.52,10.24135303,58507.5080517852,7.8,21.9
"Denmark","2013",21.9,1.911077,1.666271,0.9592335,91,0.933,7.589,10.16958141,61191.1937042028,7.38,22.8
"Denmark","2014",22.8,2.105698,1.524577,0.9517797,92,0.935,7.508,10.17190456,62548.9847332908,6.93,21.4
"Denmark","2015",21.4,2.05181,1.552826,0.8976498,91,0.933,7.514,10.22716618,53254.8563700916,6.28,21.5
"Denmark","2016",21.5,1.924276,1.541422,0.8679155,90,0.935,7.558,10.14456177,54663.9983719195,5.99,21.5
"Denmark","2017",21.5,1.847278,1.517764,0.8684149,88,0.936,7.594,10.03963375,57610.0981801135,5.83,19.8
"Denmark","2018",19.8,1.815461,1.561593,0.9462506,88,0.939,7.649,10.0707159,61598.5367043936,5.13,19.5
"Estonia","2006",51,1.1409,1.068222,0.7364985,6.7,0.839,5.371,4.76530361,12631.5680518102,5.92,50.5
"Estonia","2007",50.5,1.173005,1.073011,0.6338796,6.5,0.846,5.332,4.98330879,16741.9392266596,4.59,51
"Estonia","2008",51,1.199121,1.091653,0.5707842,6.6,0.848,5.452,5.71032381,18227.1195304476,5.46,51.2
"Estonia","2009",51.2,1.131253,1.085522,0.5657759,6.6,0.846,5.138,6.51218891,14794.9711049549,13.55,49.3
"Estonia","2011",49.3,1.183756,1.133726,0.6110413,6.35,0.86,5.487,5.76757813,17624.0445588254,12.33,47.5
"Estonia","2012",47.5,1.157049,1.111925,0.6364652,64,0.865,5.364,5.79034519,17534.421349913,10.02,45.3
"Estonia","2013",45.3,1.198388,1.116849,0.7482154,68,0.869,5.367,5.97791481,19174.1003261509,8.63,45.2
"Estonia","2014",45.2,1.372824,1.17031,0.7802579,69,0.871,5.556,6.08077621,20367.103161316,7.35,43.7
"Estonia","2015",43.7,1.331785,1.186864,0.6209198,70,0.877,5.629,6.34629202,17522.230186252,6.19,43.4
"Estonia","2016",43.4,1.226433,1.208047,0.6739078,70,0.881,5.65,6.42956781,18437.2528207173,6.76,44.7
"Estonia","2017",44.7,1.285828,1.214439,0.6497754,71,0.885,5.938,6.59183788,20407.9273809157,5.76,43
"Estonia","2018",43,1.240728,1.179301,0.5873927,73,0.889,6.091,6.6878767,23159.3924948461,5.37,40.8
"Finland","2006",18.2,1.973505,1.494072,1.501351,9.6,0.912,7.672,8.2841177,41188.0936997302,7.72,18.4
"Finland","2008",18.4,1.922676,1.463081,1.445845,9,0.917,7.671,8.34310627,53554.0389224673,6.37,19.3
"Finland","2010",19.3,1.968747,1.486713,1.423607,9.2,0.916,7.393,9.14202785,46459.9732548543,8.39,19.7
"Finland","2011",19.7,1.949425,1.507551,1.393471,9.4,0.92,7.354,9.22303009,51081.9976703127,7.78,20
"Finland","2012",20,1.951405,1.600697,1.400765,90,0.921,7.42,9.5857954,47710.7902169415,7.69,18
"Finland","2013",18,1.964584,1.573706,1.385172,89,0.928,7.445,9.80534649,49878.0432444536,8.19,18.7
"Finland","2014",18.7,2.129668,1.541917,1.282197,89,0.928,7.385,9.78115082,50260.2998588958,8.66,17.7
"Finland","2015",17.7,2.089484,1.543586,1.040587,90,0.93,7.448,9.64523888,42784.6983616432,9.38,18.8
"Finland","2016",18.8,2.049946,1.531794,0.9990865,89,0.932,7.66,9.37796021,43784.2839622098,8.82,18.7
"Finland","2017",18.7,2.069357,1.559358,1.080909,85,0.935,7.788,9.14156628,46297.4963459994,8.64,17.9
"Finland","2018",17.9,2.079443,1.576928,0.908359,85,0.937,7.858,9.037323,50013.2942027626,7.36,16.9
"France","2006",34.3,1.474472,1.298723,0.5970889,7.4,0.871,6.583,10.39308834,36443.6263055433,8.45,34.8
"France","2008",34.8,1.507125,1.304794,0.54572,6.9,0.875,7.008,10.51212215,45334.117956922,7.06,35.3
"France","2009",35.3,1.452676,1.244509,0.5117519,6.9,0.876,6.283,11.29670525,41575.4219609625,8.74,34.9
"France","2010",34.9,1.506714,1.202857,0.6810876,6.8,0.879,6.798,11.24011326,40638.3352541414,8.87,34
"France","2011",34,1.438322,1.170668,0.6029928,7.01,0.882,6.959,11.20183182,43790.7260166781,8.81,33.6
"France","2012",33.6,1.443496,1.238106,0.5549415,71,0.885,6.649,11.31324291,40874.7003927338,9.4,32.6
"France","2013",32.6,1.409796,1.219247,0.4487441,71,0.889,6.667,11.43607998,42592.9353850549,9.92,34.8
"France","2014",34.8,1.456656,1.21816,0.3005685,69,0.893,6.467,11.58073521,43011.2631028417,10.29,33.7
"France","2015",33.7,1.398506,1.206641,0.1067064,70,0.895,6.358,11.46616745,36638.184929157,10.35,34.5
"France","2018",32.2,1.434449,1.146513,0.0291557,72,0.898,6.666,11.25789452,41526.4146584125,9.02,32
"Germany","2007",38.4,1.772996,1.336478,0.9960085,7.8,0.921,6.417,10.05104923,41587.2128984264,8.66,37.3
"Germany","2008",37.3,1.745706,1.336778,0.9458345,7.9,0.924,6.522,10.2510128,45427.151677489,7.53,36.2
"Germany","2009",36.2,1.655951,1.334962,0.8605308,8,0.924,6.641,11.23758507,41485.9016495139,7.74,35.4
"Germany","2010",35.4,1.64464,1.297783,0.7968345,7.9,0.927,6.725,11.0968647,41531.9341978689,6.97,33.9
"Germany","2011",33.9,1.627287,1.349211,0.8422185,8.05,0.933,6.621,10.77629662,46644.776027968,5.82,31.7
"Germany","2012",31.7,1.676166,1.393738,0.7756213,79,0.934,6.702,10.84700775,43858.3630551076,5.38,29.7
"Germany","2013",29.7,1.650206,1.406184,0.9279839,78,0.935,6.965,10.99187183,46285.7640688407,5.23,30.6
"Germany","2014",30.6,1.854514,1.43633,0.9251865,79,0.937,6.984,11.01583958,47959.9932737599,4.98,28.1
"Germany","2015",28.1,1.794228,1.421997,0.6998243,81,0.938,7.037,11.17801952,41086.7296737253,4.62,28.6
"Germany","2016",28.6,1.621759,1.364375,0.6813634,81,0.941,6.874,11.23043633,42107.5172703074,4.12,28.1
"Germany","2017",28.1,1.614979,1.432262,0.5877215,81,0.943,7.074,11.32229614,44442.7718397577,3.75,25.8
"Germany","2018",25.8,1.631583,1.431259,0.5912753,80,0.946,7.118,11.42995071,47787.1605074447,3.38,24.7
"Greece","2007",43.5,0.8723755,0.9838739,0.5241894,4.6,0.857,6.647,8.39808178,28827.3263926878,8.4,46.1
"Greece","2009",46.1,0.6528149,0.8914437,-0.2077363,3.8,0.867,6.039,9.40688515,29710.970232488,9.62,45.9
"Greece","2010",45.9,0.5898624,0.8977181,-0.1272069,3.5,0.865,5.84,9.51564121,26690.6074159782,12.71,47.4
"Greece","2011",47.4,0.5396303,0.820455,-0.0986952,3.39,0.862,5.372,9.02808571,25450.5341194438,17.87,50.4
"Greece","2012",50.4,0.3931225,0.7007905,-0.2172487,36,0.865,5.096,8.79238129,21915.1913231364,24.44,50.6
"Greece","2013",50.6,0.4721287,0.6872375,-0.1713417,40,0.867,4.72,8.31875896,21749.1524824445,27.47,52.1
"Greece","2014",52.1,0.3739754,0.6187572,-0.140446,43,0.875,4.756,7.84993553,21601.7763985974,26.49,52.6
"Greece","2015",52.6,0.2769418,0.6515436,-0.2302524,46,0.877,5.623,8.01678371,18050.0976100746,24.9,55.9
"Greece","2016",55.9,0.1353244,0.6685553,-0.1215992,44,0.874,5.303,8.21496582,17885.3928086126,23.54,57.5
"Greece","2017",57.5,0.0749528,0.658486,-0.0735726,48,0.879,5.148,7.96522522,18562.2294309576,21.49,55.3
"Greece","2018",55.3,0.13928,0.7323087,0.1659438,45,0.881,5.409,7.71544075,19765.9964536083,19.29,53.9
"Hungary","2007",51.2,0.9641744,1.041056,0.747174,5.3,0.818,4.954,7.21529293,13918.9601910137,7.41,50.7
"Hungary","2009",50.7,0.7964902,0.909685,0.5356742,5.1,0.828,4.895,7.2392807,13046.4810081848,10.03,50.1
"Hungary","2010",50.1,0.7787541,0.8942028,0.6857837,4.7,0.831,4.725,7.5076437,13191.6212644696,11.17,48.7
"Hungary","2011",48.7,0.7634746,0.8369731,0.7432541,4.56,0.828,4.918,7.52545595,14216.1656114334,11.03,48.3
"Hungary","2012",48.3,0.6163493,0.7493677,0.6757948,55,0.831,4.683,7.44883251,12950.6865153085,11,47.6
"Hungary","2013",47.6,0.588275,0.7371929,0.7966461,54,0.839,4.914,7.24911928,13687.5140593304,10.18,48.3
"Hungary","2014",48.3,0.509783,0.5532663,0.6699048,54,0.838,5.181,7.07047558,14267.0121547683,7.73,49.1
"Hungary","2015",49.1,0.4073128,0.5599742,0.7462977,51,0.842,5.344,6.88948917,12706.8912148924,6.81,52.7
"Hungary","2016",52.7,0.4388936,0.4020373,0.6546786,48,0.844,5.449,7.04818678,13090.5067287853,5.12,52
"Hungary","2017",52,0.5663263,0.5369374,0.806563,45,0.846,6.065,6.79227543,14605.8543453283,4.16,50.2
"Hungary","2018",50.2,0.5846309,0.4784307,0.7471759,46,0.85,5.936,6.70007229,16411.4411105738,3.71,49.6
"Iceland","2008",20.9,1.865286,1.42565,1.215352,8.9,0.899,6.888,8.58694077,56943.3704468563,2.95,29.1
"Iceland","2012",29.1,1.684921,1.44295,1.245032,82,0.915,7.591,8.19516754,45995.5478789467,6,24.7
"Iceland","2013",24.7,1.662046,1.439569,1.287134,78,0.927,7.501,8.22141075,49804.9829978371,5.38,23.4
"Iceland","2015",23.4,1.667195,1.376502,1.308164,79,0.934,7.498,8.13130188,52951.6815110898,3.98,22.8
"Iceland","2016",22.8,1.519659,1.356115,1.361624,78,0.941,7.51,8.16513538,61987.9263620283,2.98,22.5
"Iceland","2017",22.5,1.611072,1.379179,1.348309,77,0.943,7.476,8.3432579,72010.1490316258,2.74,19.8
"Ireland","2006",18.6,1.722037,1.396541,1.191983,7.4,0.906,7.144,7.5133214,54283.0647249869,4.42,19.9
"Ireland","2008",19.9,1.715704,1.42259,1.18624,7.7,0.911,7.568,9.10202408,61213.3065219911,6.77,21.6
"Ireland","2009",21.6,1.750502,1.353574,1.056545,8,0.906,7.046,10.48682594,52008.72824346,12.61,22.4
"Ireland","2010",22.4,1.768085,1.324432,1.020165,8,0.901,7.257,10.50265503,48698.1653176731,14.53,25.3
"Ireland","2011",25.3,1.755863,1.305361,0.9489989,7.54,0.902,7.007,10.70849514,51886.5084852792,15.35,26.5
"Ireland","2012",26.5,1.73423,1.322521,0.9410727,69,0.908,6.965,10.68722248,48914.6175297166,15.45,24.8
"Ireland","2013",24.8,1.717427,1.311735,0.9010757,72,0.917,6.76,10.30022049,51577.279358775,13.74,26.1
"Ireland","2014",26.1,1.764592,1.317501,1.052991,74,0.928,7.018,9.67580032,55586.9625976761,11.86,24.6
"Ireland","2015",24.6,1.762358,1.334674,0.9084555,75,0.935,6.83,7.31716299,62000.1188069238,9.91,22.5
"Ireland","2016",22.5,1.502176,1.291039,0.8478189,73,0.943,7.041,7.4142108,62993.7450967453,8.37,22.3
"Ireland","2017",22.3,1.418789,1.294556,1.002435,74,0.947,7.06,7.15484905,70413.1218331383,6.71,20.7
"Ireland","2018",20.7,1.450442,1.284349,1.021112,73,0.951,6.962,6.92870378,79297.729203754,5.74,20.6
"Italy","2007",37.1,0.4787489,1.111907,0.4476521,5.2,0.874,6.574,8.13610077,37822.6652377427,6.08,39.9
"Italy","2008",39.9,0.4551162,1.032024,0.5492006,4.8,0.876,6.78,8.53282356,40778.3427367209,6.72,43.9
"Italy","2009",43.9,0.4047396,1.03418,0.3482109,4.3,0.876,6.334,8.95162296,37079.7586704546,7.75,45.7
"Italy","2010",45.7,0.46055,0.9627974,0.4739237,3.9,0.879,6.354,8.91602039,36000.5201179254,8.36,45.8
"Italy","2011",45.8,0.4896189,0.9118239,0.5012074,3.91,0.883,6.057,8.77413177,38599.0622070322,8.36,45.8
"Italy","2012",45.8,0.4308912,0.9168093,0.5082175,42,0.882,5.839,8.78352833,35053.5262442572,10.66,44.6
"Italy","2013",44.6,0.4412664,0.9542174,0.4954992,43,0.881,6.009,8.77543831,35549.9746972954,12.15,43.4
"Italy","2014",43.4,0.4226375,0.9992626,0.4581654,43,0.882,6.027,8.86791897,35518.4152916749,12.68,43.2
"Italy","2015",43.2,0.3142381,1.034772,0.3759197,44,0.882,5.848,8.85689163,30230.2263021296,11.9,43.1
"Italy","2016",43.1,0.3939919,1.034976,0.3694153,47,0.884,5.955,8.72533035,30939.7142462298,11.69,45.2
"Italy","2017",45.2,0.3488251,0.9906023,0.3068212,50,0.886,6.199,8.6777401,32326.6742113994,11.21,43.8
"Italy","2018",43.8,0.2688292,0.9533946,0.3423838,52,0.89,6.517,8.66763401,34608.6756017054,10.61,43.8
"Japan","2007",28.5,1.335137,0.9699463,1.010045,7.5,0.882,6.238,7.89046049,35275.2284312667,3.9,29.7
"Japan","2008",29.7,1.318866,0.9488592,0.8941537,7.3,0.883,5.911,8.19951439,39339.2975731826,4,31.2
"Japan","2009",31.2,1.293836,1.021046,0.9757358,7.7,0.882,5.845,9.0582962,40855.1756354596,5.1,31.3
"Japan","2010",31.3,1.326391,1.040693,0.8793532,7.8,0.887,6.057,9.15677357,44507.6763859172,5.1,31
"Japan","2011",31,1.311966,1.071133,0.995092,8.04,0.892,6.263,10.61671734,48167.9972684965,4.52,43.5
"Japan","2012",43.5,1.357793,1.101295,0.9484429,74,0.897,5.968,10.79065323,48603.4766497749,4.3,36.1
"Japan","2013",36.1,1.44361,1.109647,1.019142,74,0.902,5.959,10.79159355,40454.4474578903,4,36.3
"Japan","2014",36.3,1.601478,1.036089,0.9685974,76,0.906,5.923,10.83204937,38109.4121125573,3.6,36
"Japan","2015",36,1.518585,0.9880549,1.065128,75,0.908,5.88,10.88550663,34524.4698609337,3.4,35.1
"Japan","2016",35.1,1.421093,0.9836274,0.9829442,72,0.912,5.955,10.83460999,38761.8181501925,3.1,37.4
"Japan","2017",37.4,1.57062,1.003693,1.112167,73,0.915,5.911,10.79634285,38386.5111457057,2.8,34.5
"Japan","2018",34.5,1.53421,0.9844933,1.049072,73,0.917,5.794,10.95338821,39159.4235633952,2.4,34.3
"Latvia","2006",56.2,0.669318,0.8466991,0.8386412,4.7,0.816,4.71,5.7398572,9699.72166234066,7.03,56.7
"Latvia","2007",56.7,0.7592566,0.8289153,0.5622184,4.8,0.825,4.667,5.54140186,14091.0476501135,6.05,54.5
"Latvia","2008",54.5,0.8092072,0.7807863,0.2045949,5,0.828,5.145,5.61553001,16422.1119788425,7.74,54.6
"Latvia","2009",54.6,0.8143532,0.8499379,0.3484597,4.5,0.826,4.669,6.13475847,12288.2138312435,17.52,54.2
"Latvia","2011",54.2,0.7469991,0.7367753,0.3200021,4.19,0.829,4.967,5.56752443,13776.0887766199,16.21,51.9
"Latvia","2012",51.9,0.7854376,0.7755156,0.4536267,49,0.832,5.125,5.41030407,13923.4739800663,15.05,47.9
"Latvia","2013",47.9,0.7677668,0.7704234,0.5936353,53,0.839,5.07,5.39593935,15122.7352781866,11.87,48
"Latvia","2014",48,0.8723073,0.8494349,0.4872684,55,0.845,5.729,5.4568367,15713.536972819,10.85,48.5
"Latvia","2015",48.5,0.7944799,0.8465344,0.4437472,55,0.849,5.881,5.68592453,13774.6052739114,9.87,47.4
"Latvia","2016",47.4,0.9590222,0.8425509,0.4790692,57,0.854,5.94,6.20632744,14315.7928949778,9.64,46.4
"Latvia","2017",46.4,0.9347311,0.7974426,0.4622171,58,0.859,5.978,6.00696659,15643.485634322,8.72,44.9
"Latvia","2018",44.9,0.9570854,0.7824228,0.4073735,58,0.863,5.901,6.18923044,17849.5592976346,7.41,43.9
"Lithuania","2006",49.7,0.7163033,0.8612876,0.8703759,4.8,0.826,5.954,5.83789873,9230.70798102521,5.78,49
"Lithuania","2007",49,0.7266968,0.8865519,0.8172772,4.8,0.833,5.808,5.75847721,12285.4470537014,4.25,48.7
"Lithuania","2008",48.7,0.7224829,0.8496562,0.7462569,4.6,0.838,5.554,6.28756523,14944.996652175,5.83,48
"Lithuania","2009",48,0.7280318,0.9021598,0.6312088,4.9,0.828,5.467,7.35553408,11820.7761591359,13.79,47.8
"Lithuania","2010",47.8,0.7823811,0.9156346,0.7152606,5,0.831,5.066,6.83376026,11987.508411647,17.81,45.3
"Lithuania","2011",45.3,0.7749324,0.8605259,0.6712003,4.75,0.838,5.432,6.5051465,14376.9478643932,15.39,44.2
"Lithuania","2012",44.2,0.8503729,0.9295096,0.7862099,54,0.841,5.771,6.29071617,14367.709424872,13.37,43
"Lithuania","2013",43,0.8359193,0.9400197,0.9645323,57,0.847,5.596,6.13548851,15729.6524666512,11.77,43.2
"Lithuania","2014",43.2,0.9391028,0.9615911,0.7421364,58,0.859,6.126,6.19952059,16551.018202078,10.7,43
"Lithuania","2015",43,1.007931,0.97391,0.759794,61,0.862,5.711,6.49459124,14258.2293345128,9.12,42.4
"Lithuania","2016",42.4,1.029407,1.000032,0.82828,59,0.867,5.866,6.63686323,14998.1250595137,7.86,41.7
"Lithuania","2017",41.7,0.9961067,0.9865081,0.7757972,59,0.873,6.273,6.47619867,16843.699654691,7.07,39.4
"Lithuania","2018",39.4,0.9574602,0.8916961,0.7410422,59,0.876,6.309,6.56775236,19166.812272892,6.15,38.1
"Luxembourg","2009",27.6,1.827186,1.555082,1.450533,8.2,0.893,6.958,7.33979321,103198.669312625,5.12,27.3
"Luxembourg","2010",27.3,1.851464,1.574836,1.461219,8.5,0.898,7.097,7.03158236,104965.306078267,4.36,26.1
"Luxembourg","2011",26.1,1.833121,1.604539,1.317427,8.51,0.899,7.101,6.11205053,115761.507705096,4.9,25.5
"Luxembourg","2012",25.5,1.798814,1.649901,1.331919,80,0.9,6.964,5.58377266,106749.013622989,5.14,23.3
"Luxembourg","2013",23.3,1.816194,1.631096,1.335248,80,0.9,7.131,5.52774715,113625.13289956,5.85,24.6
"Luxembourg","2014",24.6,1.906429,1.554682,1.378324,82,0.903,6.891,5.43687868,118823.648368575,5.85,22.1
"Luxembourg","2015",22.1,1.874508,1.54681,1.439398,81,0.906,6.702,5.28378248,101376.496574339,6.67,24.1
"Luxembourg","2016",24.1,1.760503,1.500275,1.419485,81,0.91,6.967,5.19496346,104278.390971905,6.29,23.4
"Luxembourg","2017",23.4,1.742432,1.521881,1.326013,82,0.913,7.061,5.25779152,107361.306947271,5.52,20.8
"Luxembourg","2018",20.8,1.810989,1.530788,1.362696,81,0.913,7.243,5.28587103,116597.295637954,5.59,20.4
"Malta","2009",48.8,1.480706,1.152722,1.248981,5.2,0.84,6.328,8.08001804,21083.2771462998,6.89,48.2
"Malta","2010",48.2,1.416995,1.167213,1.253456,5.6,0.853,5.774,8.21274376,21799.1742559798,6.85,45.4
"Malta","2011",45.4,1.286783,1.143347,1.063937,5.59,0.853,6.155,8.56064224,23155.5547893882,6.38,43.8
"Malta","2012",43.8,1.344915,1.165388,1.065075,57,0.86,5.963,8.608181,22527.6367563271,6.2,42.4
"Malta","2013",42.4,1.332989,1.156572,1.042758,56,0.867,6.38,8.8266449,24771.0765781929,6.11,43
"Malta","2014",43,1.193569,1.184266,1.125497,55,0.874,6.452,9.34200478,26754.2684451944,5.73,40.9
"Malta","2015",40.9,1.135466,1.202808,1.063939,56,0.88,6.613,9.20896149,24921.6036820869,5.38,39.6
"Malta","2016",39.6,0.9978037,1.196372,1.080441,55,0.885,6.591,9.11781311,25741.4460613677,4.69,38.6
"Malta","2017",38.6,1.147332,1.171127,1.249405,56,0.888,6.676,9.19666958,28250.6977747589,4,36.2
"Malta","2018",36.2,1.054074,1.090269,1.283979,54,0.894,6.91,8.96454525,30672.2922439038,3.66,34.5
"Netherlands","2007",28.6,1.78735,1.523433,0.7785201,9,0.91,7.452,9.05292511,51733.4421317965,4.15,27.3
"Netherlands","2008",27.3,1.761363,1.483086,0.8650271,8.9,0.913,7.631,9.27660465,57644.4799749353,3.65,27.9
"Netherlands","2010",27.9,1.81906,1.450569,0.9407501,8.8,0.917,7.502,10.15508747,50950.0343435181,4.99,28.3
"Netherlands","2011",28.3,1.822137,1.537048,1.113631,8.89,0.928,7.564,10.23357868,54159.3466126142,4.98,28.1
"Netherlands","2012",28.1,1.859908,1.605585,1.187465,84,0.928,7.471,10.53898716,50073.0056559308,5.82,26.9
"Netherlands","2013",26.9,1.833919,1.566973,1.143815,83,0.93,7.407,10.58363628,52184.0618504931,7.24,28.6
"Netherlands","2014",28.6,1.977988,1.547281,1.045115,83,0.932,7.321,10.56703758,52830.1742328055,7.42,26.9
"Netherlands","2015",26.9,1.942948,1.561143,0.9261193,87,0.934,7.324,10.32396889,45175.2318933798,6.87,28.2
"Netherlands","2016",28.2,1.887037,1.540341,0.9122675,83,0.936,7.541,10.2534523,46007.8529206547,6.01,27.4
"Netherlands","2017",27.4,1.801337,1.495971,0.9211125,82,0.939,7.459,10.05979824,48554.9922761756,4.84,26.2
"Netherlands","2018",26.2,1.786829,1.487597,0.8542672,82,0.942,7.463,9.97458649,53018.6293562696,3.83,24.8
"New Zealand","2006",19.4,1.808222,1.499365,1.25541,9.6,0.898,7.305,8.63299561,26654.5932018985,3.86,20.5
"New Zealand","2007",20.5,1.844565,1.477947,1.243147,9.4,0.901,7.604,8.3210659,32479.9817381467,3.66,21.4
"New Zealand","2008",21.4,1.862746,1.478389,1.162778,9.3,0.902,7.381,9.11295509,31252.9625640673,4.17,23.9
"New Zealand","2010",23.9,1.869271,1.507506,1.236489,9.3,0.906,7.224,9.58612823,33676.7741239925,6.56,24.8
"New Zealand","2011",24.8,1.90442,1.579076,1.376731,9.46,0.909,7.191,9.50751114,38387.6270784076,6.49,25.6
"New Zealand","2012",25.6,1.890485,1.617722,1.361366,90,0.911,7.25,9.64937401,39973.3807587223,6.93,22.7
"New Zealand","2013",22.7,1.878849,1.606078,1.453927,91,0.914,7.28,9.36316967,42976.6495882584,5.77,24.1
"New Zealand","2014",24.1,2.008719,1.524384,1.467928,91,0.916,7.306,9.4200058,44572.8987536626,5.37,22.6
"New Zealand","2015",22.6,2.001249,1.554845,1.525453,88,0.921,7.418,9.31466961,38630.7265886928,5.35,21.3
"New Zealand","2016",21.3,1.95464,1.533283,1.519183,90,0.924,7.226,9.27398205,40080.4941137172,5.08,22.6
"New Zealand","2017",22.6,1.927889,1.558655,1.595223,89,0.926,7.327,9.01967621,42992.8952738896,4.7,20.9
"New Zealand","2018",20.9,1.876398,1.589525,1.533905,87,0.928,7.37,9.21034622,43306.0700032372,4.3,20.1
"Norway","2006",16.8,1.979785,1.54218,1.253358,8.8,0.934,7.416,7.91272211,74148.3200757187,3.4,16.8
"Norway","2008",16.8,1.970247,1.548039,1.28515,7.9,0.937,7.632,7.96075296,96944.0956064873,2.55,23.9
"Norway","2012",23.9,1.958414,1.728163,1.32747,85,0.941,7.678,8.77787876,101524.141851985,3.12,23
"Norway","2014",23,2.028991,1.684087,1.119959,86,0.944,7.444,9.34493351,97019.1827527462,3.48,20.9
"Norway","2015",20.9,2.011003,1.687913,1.161716,87,0.947,7.603,10.13146877,74355.5158575643,4.3,21.2
"Norway","2016",21.2,2.036518,1.664908,1.200074,85,0.95,7.596,10.59129524,70460.5605323322,4.68,20.5
"Norway","2017",20.5,2.025476,1.694412,1.170479,85,0.954,7.579,10.31589031,75496.7540581998,4.16,18.3
"Norway","2018",18.3,1.965735,1.69625,1.141179,84,0.956,7.444,10.0493927,82267.809316159,3.8,18
"Poland","2007",47.6,0.4286534,0.8795024,0.6827373,4.2,0.824,5.886,5.87294197,11254.5173881254,9.6,49.6
"Poland","2009",49.6,0.6284057,1.026881,0.9380806,5,0.834,5.772,6.58686304,11526.0558884824,8.17,49
"Poland","2010",49,0.6852992,1.037602,1.01733,5.3,0.84,5.887,6.4190917,12613.0109954681,9.64,46.8
"Poland","2011",46.8,0.7662134,1.027628,1.072063,5.48,0.845,5.646,6.23382092,13879.5609852546,9.63,44.3
"Poland","2012",44.3,0.7798713,1.064276,1.049479,58,0.842,5.876,6.20108318,13097.2708482174,10.09,40.9
"Poland","2013",40.9,0.7996315,0.9981389,0.973355,60,0.856,5.746,6.3754797,13696.4663046143,10.33,42.1
"Poland","2014",42.1,0.8201537,1.105113,0.8429408,61,0.858,5.75,6.35254002,14271.3058536202,8.99,39.8
"Poland","2015",39.8,0.7830253,1.039736,0.8748524,62,0.863,6.007,6.39785814,12578.4954734362,7.5,40.7
"Poland","2016",40.7,0.6099276,0.8441846,0.507242,62,0.869,6.162,6.54295063,12447.4395912808,6.16,40.8
"Poland","2017",40.8,0.4414217,0.775966,0.5183783,60,0.873,6.201,6.56172848,13864.6817579973,4.89,41.5
"Poland","2018",41.5,0.4204909,0.7007455,0.4925416,60,0.877,6.111,6.33085012,15468.4094107719,3.85,42.8
"Portugal","2006",32.7,0.98591,1.232662,0.9529556,6.6,0.811,5.405,9.1355257,19822.8460287336,7.65,31.8
"Portugal","2008",31.8,1.020404,1.201864,0.9884541,6.1,0.817,5.717,9.34049129,24847.545135091,7.55,33.1
"Portugal","2010",33.1,1.032241,1.107203,0.717687,6,0.829,5.095,9.83691692,22498.6908586557,10.77,32.3
"Portugal","2011",32.3,1.003877,1.107911,0.7417393,6.1,0.833,5.22,9.53497028,23186.9131283278,12.68,34.2
"Portugal","2012",34.2,1.042036,1.028528,0.7752726,63,0.836,4.994,9.35394287,20564.8898617969,15.53,32.6
"Portugal","2013",32.6,1.045058,1.066935,0.7487634,62,0.84,5.158,9.07765675,21647.0418118869,16.18,33.1
"Portugal","2014",33.1,1.121675,1.107446,0.8062744,63,0.847,5.127,9.02365017,22074.3007634216,13.89,29.7
"Portugal","2015",29.7,1.131652,1.128678,0.9178401,63,0.854,5.081,8.97663212,19242.3664710981,12.44,29.2
"Portugal","2016",29.2,1.074871,1.157669,0.9740514,62,0.855,5.447,9.41901684,19978.401214968,11.07,29
"Portugal","2017",29,1.138645,1.198198,1.118587,63,0.858,5.711,9.33004951,21437.3475036794,8.87,27.3
"Portugal","2018",27.3,1.142829,1.167727,1.129285,64,0.86,5.92,9.40783501,23551.0482905614,6.99,25.3
"Romania","2007",60.9,-0.09074,0.4989977,0.1983791,3.7,0.788,5.394,5.02223349,8360.16632132485,6.41,61.3
"Romania","2009",61.3,0.0454078,0.4642873,0.3602153,3.8,0.806,5.368,5.27841282,8548.11867218639,6.86,60.2
"Romania","2010",60.2,0.0906951,0.432124,0.2736004,3.7,0.805,4.909,5.76906252,8214.07689289811,6.96,59.8
"Romania","2011",59.8,0.0927155,0.3761372,0.1860907,3.61,0.806,5.023,4.69901562,9099.2175388969,7.18,59.5
"Romania","2012",59.5,0.0802307,0.3185296,0.0823416,44,0.803,5.167,4.7180357,8507.10477456436,6.79,57.4
"Romania","2013",57.4,0.1670062,0.3115235,0.1791331,43,0.808,5.082,5.19262123,9547.85215096612,7.1,56.9
"Romania","2014",56.9,0.208449,0.4281268,0.0491361,43,0.811,5.727,5.03005028,10043.6774497614,6.8,54.2
"Romania","2015",54.2,0.1953149,0.4861361,0.1891144,46,0.815,5.777,4.94264841,8969.14892146193,6.81,52.9
"Romania","2018",49.4,0.359746,0.5243305,0.0468848,47,0.823,6.151,5.55660582,12398.9819787666,4.19,47.8
"Singapore","2006",30.8,1.586578,-0.3871925,1.250259,9.4,0.881,6.463,2.9347465,33769.1541633501,4.48,33
"Singapore","2007",33,1.612359,-0.3632097,1.174122,9.3,0.882,6.834,2.83749056,39432.9383493761,3.9,33.3
"Singapore","2008",33.3,1.606087,-0.3348355,1.345581,9.2,0.888,6.642,3.19488454,40007.469261214,3.96,33.8
"Singapore","2009",33.8,1.566005,-0.2342208,1.179446,9.2,0.888,6.145,3.39853096,38927.2068817715,5.86,34.8
"Singapore","2010",34.8,1.625962,-0.2089662,1.169415,9.3,0.909,6.531,3.20265365,47236.9602345421,4.12,35.1
"Singapore","2011",35.1,1.66993,-0.1020272,1.191422,9.17,0.913,6.561,3.15792179,53890.4287270504,3.89,34
"Singapore","2013",34,1.705421,0.0367684,1.378178,86,0.921,6.533,3.68562651,56967.4257940383,3.86,35.9
"Singapore","2014",35.9,1.824715,-0.0986594,1.186271,84,0.926,7.062,3.87155676,57562.5307937678,3.74,34.4
"Singapore","2015",34.4,1.813336,-0.1618217,1.311753,85,0.931,6.62,4.18069839,55646.6187469505,3.79,32.9
"Singapore","2016",32.9,1.825398,-0.1503981,1.495759,84,0.935,6.033,4.40151834,56848.1753918367,4.08,32.5
"Singapore","2017",32.5,1.827708,-0.1690625,1.61567,84,0.933,6.378,4.4177866,61176.4563611565,4.2,30.4
"Singapore","2018",30.4,1.844995,-0.0839707,1.487936,85,0.936,6.375,4.46444654,66679.0464899752,3.65,28.1
"Slovenia","2006",36.8,0.9102269,1.069615,1.084757,6.4,0.876,5.811,7.82322741,19672.9655554146,5.95,36.3
"Slovenia","2009",36.3,1.075426,1.055124,0.9348058,6.6,0.885,5.83,8.540802,24694.2304876707,5.86,36
"Slovenia","2010",36,1.008413,1.048638,0.8665088,6.4,0.889,6.083,8.56503296,23509.5431355463,7.24,35.5
"Slovenia","2011",35.5,1.052815,1.056918,0.9692097,5.87,0.891,6.036,8.53639603,25095.1322896197,8.17,34
"Slovenia","2012",34,1.014948,0.9997781,0.9351107,61,0.884,6.063,8.71509933,22643.1002515007,8.84,32.3
"Slovenia","2013",32.3,1.000704,1.001897,0.8822517,57,0.893,5.975,8.74028301,23496.602499332,10.1,32.6
"Slovenia","2014",32.6,1.001441,0.9561069,0.9657734,58,0.894,5.678,8.50197506,24214.9220717273,9.67,31.5
"Slovenia","2015",31.5,0.9744548,0.9868262,0.9533927,60,0.894,5.741,8.49823952,20881.7669299329,8.96,33.9
"Slovenia","2016",33.9,1.082729,1.010921,0.990436,61,0.9,5.937,8.47909927,21663.643413767,8,32.4
"Slovenia","2017",32.4,1.026974,1.006713,0.8733998,61,0.907,6.167,8.18941784,23454.7395172714,6.56,30.3
"Slovenia","2018",30.3,1.058605,0.959887,0.9011371,60,0.912,6.249,8.29891014,26103.1602597884,5.11,28
"Spain","2007",39.2,1.168316,1.123087,-0.2753482,6.7,0.86,6.995,7.9183569,32549.9709785513,8.23,41.6
"Spain","2008",41.6,1.193509,1.185326,-0.3808494,6.5,0.863,7.294,8.3818779,35366.2596011983,11.25,43.3
"Spain","2009",43.3,1.162589,1.176973,-0.4737767,6.1,0.865,6.199,9.10707188,32042.4740786617,17.86,43.5
"Spain","2010",43.5,1.16339,1.122543,-0.3180437,6.1,0.872,6.188,9.1185751,30502.7197080776,19.86,43.1
"Spain","2011",43.1,1.177302,1.085866,0.0211045,6.23,0.878,6.518,9.16859245,31636.4463142558,21.39,42.8
"Spain","2012",42.8,1.043725,1.064179,-0.0295164,65,0.881,6.291,9.15699196,28324.4293363918,24.79,44.4
"Spain","2013",44.4,1.031751,0.9888706,0.0120178,59,0.882,6.15,9.06737709,29059.5479522321,26.09,43.1
"Spain","2014",43.1,0.9682609,0.9937256,0.2431217,60,0.888,6.456,9.09010506,29461.5503337389,24.44,40.9
"Spain","2015",40.9,0.9148642,1.044831,0.2514912,58,0.895,6.381,9.12686825,25732.0183647454,22.06,39.8
"Spain","2016",39.8,0.9971728,1.041618,0.4131883,58,0.899,6.319,8.9523859,26505.3432155204,19.64,37.9
"Spain","2017",37.9,1.059366,1.021468,0.2828842,57,0.903,6.23,8.94249249,28100.5862419453,17.22,41.4
"Spain","2018",41.4,1.013062,1.019294,0.287804,58,0.905,6.513,8.97741413,30374.5210439089,15.26,40.7
"Sweden","2007",19.3,1.90989,1.510136,1.271177,9.3,0.91,7.241,7.99017382,53700.0053363063,6.16,19.8
"Sweden","2008",19.8,1.931482,1.520167,1.129976,9.3,0.907,7.516,8.20660114,56152.552340314,6.24,20.6
"Sweden","2009",20.6,1.965965,1.546039,1.085468,9.2,0.905,7.266,8.77319241,46946.9602719954,8.35,20.9
"Sweden","2010",20.9,1.937768,1.542726,1.09417,9.2,0.911,7.496,8.32738972,52869.0442891587,8.61,22.8
"Sweden","2011",22.8,1.927869,1.612955,1.230688,9.3,0.912,7.382,10.42150974,60755.7595508465,7.8,21.3
"Sweden","2012",21.3,1.935624,1.690358,1.170597,88,0.914,7.56,10.73550034,58037.8213192173,7.98,19.7
"Sweden","2013",19.7,1.959462,1.65811,1.127778,89,0.933,7.434,10.90368462,61126.9431963979,8.05,21.4
"Sweden","2014",21.4,1.979652,1.611089,1.065415,87,0.935,7.239,10.94807339,60020.3604576572,7.95,20.2
"Sweden","2015",20.2,2.026205,1.56531,0.9471064,89,0.938,7.289,10.79714203,51545.4836095322,7.43,22.6
"Sweden","2016",22.6,1.993451,1.564696,1.017941,88,0.94,7.369,10.84046745,51965.1571531985,6.99,22.1
"Sweden","2017",22.1,1.861854,1.569253,0.9844168,84,0.942,7.287,10.78592205,53791.5087298403,6.72,20.8
"Sweden","2018",20.8,1.82619,1.568371,0.9405567,85,0.943,7.375,10.8985014,54589.0603860606,6.37,20.3
"Switzerland","2006",18.7,1.817233,1.518006,1.269325,9.1,0.92,7.473,9.81838131,59300.6172165015,4,21.2
"Switzerland","2009",21.2,1.750544,1.553312,1.307553,9,0.935,7.525,10.37947655,72083.167695454,4.12,23.3
"Switzerland","2012",23.3,1.818963,1.640122,1.418336,86,0.944,7.776,10.61796474,86547.6708907265,4.49,23.3
"Switzerland","2014",23.3,1.994871,1.559489,1.402653,86,0.942,7.493,10.99387455,89684.7075795936,4.83,22.3
"Switzerland","2015",22.3,1.945031,1.558501,1.339359,86,0.947,7.572,11.36931515,84776.1421659748,4.8,21.8
"Switzerland","2016",21.8,1.947713,1.531853,1.30629,86,0.947,7.459,11.70894909,83073.2800824812,4.92,21.1
"Switzerland","2017",21.1,1.932935,1.556876,1.256805,85,0.949,7.474,11.89515591,83352.0886533412,4.8,19.2
"Switzerland","2018",19.2,1.931327,1.57996,1.333553,85,0.955,7.509,11.87620926,86429.5008163592,4.71,18.7
"United Kingdom","2007",34.1,1.737427,1.335596,0.5753913,8.4,0.899,6.802,8.87322426,50444.9301546348,5.26,32.9
"United Kingdom","2008",32.9,1.708199,1.321023,0.4946935,7.7,0.903,6.986,9.16623402,47267.0121770864,5.62,33.6
"United Kingdom","2009",33.6,1.738985,1.303301,0.1215835,7.7,0.906,6.907,10.01600361,38736.9021994994,7.54,33.9
"United Kingdom","2010",33.9,1.78198,1.289994,0.4118182,7.6,0.912,7.029,9.98915195,39536.7726806835,7.79,34.1
"United Kingdom","2011",34.1,1.667915,1.297412,0.3517076,7.78,0.906,6.869,9.97346497,42047.6142522206,8.04,35.3
"United Kingdom","2012",35.3,1.736444,1.339133,0.4022707,74,0.904,6.881,10.0517683,42449.1076656792,7.89,33.2
"United Kingdom","2013",33.2,1.697654,1.329037,0.4862014,76,0.921,6.918,9.97855186,43401.3105295842,7.52,34.3
"United Kingdom","2014",34.3,1.87901,1.27579,0.4153476,78,0.925,6.758,9.95758438,47452.1991368626,6.11,33.4
"United Kingdom","2015",33.4,1.805544,1.297837,0.5177479,81,0.923,6.515,9.90435219,45039.2359520486,5.3,32.4
"United Kingdom","2016",32.4,1.678407,1.295399,0.3604541,81,0.924,6.824,9.86671162,41048.3496572292,4.81,33.2
"United Kingdom","2017",33.2,1.686237,1.36325,0.3861579,82,0.926,7.103,9.82511234,40304.7230763678,4.33,34.3
"United Kingdom","2018",34.3,1.642386,1.369487,0.0797425,80,0.928,7.233,9.99696255,42992.8037216089,4,36.7
"United States","2009",34,1.59849,1.097206,0.4484303,7.5,0.912,7.158,16.28372383,47099.9804711343,9.25,35.3
"United States","2010",35.3,1.638123,1.133606,0.4384039,7.1,0.916,7.164,16.34537888,48466.6576026922,9.63,34.8
"United States","2011",34.8,1.599985,1.126966,0.5912473,7.14,0.919,7.115,16.29982948,49882.5581321495,8.95,34.8
"United States","2012",34.8,1.627198,1.161587,0.6324421,73,0.92,7.026,16.28528976,51602.9310457907,8.07,33.5
"United States","2013",33.5,1.557142,1.103019,0.6430726,73,0.918,7.249,16.21042252,53106.5367672165,7.38,35.4
"United States","2014",35.4,1.610409,1.071223,0.5824196,74,0.92,7.151,16.40644836,55049.9883272312,6.17,35.4
"United States","2017",35.6,1.649322,1.008988,0.2918175,75,0.924,6.992,17.00361443,60109.6557260477,4.36,37.7
"United States","2018",37.7,1.514515,0.9763639,0.4214178,71,0.925,6.883,16.88529778,63064.4184096731,3.9,38
